CREATE USER musit IDENTIFIED BY musit DEFAULT TABLESPACE USERS PROFILE DEFAULT ACCOUNT UNLOCK;
GRANT DBA TO musit;
GRANT UNLIMITED TABLESPACE TO musit;
ALTER USER musit QUOTA UNLIMITED ON USERS;

CREATE USER musark_auth IDENTIFIED BY musit DEFAULT TABLESPACE USERS PROFILE DEFAULT ACCOUNT UNLOCK;
CREATE USER musark_storage IDENTIFIED BY musit DEFAULT TABLESPACE USERS PROFILE DEFAULT ACCOUNT UNLOCK;
CREATE USER musark_actor IDENTIFIED BY musit DEFAULT TABLESPACE USERS PROFILE DEFAULT ACCOUNT UNLOCK;
CREATE USER musark_analysis IDENTIFIED BY musit DEFAULT TABLESPACE USERS PROFILE DEFAULT ACCOUNT UNLOCK;
CREATE USER musark_loan IDENTIFIED BY musit DEFAULT TABLESPACE USERS PROFILE DEFAULT ACCOUNT UNLOCK;
CREATE USER musit_mapping IDENTIFIED BY musit DEFAULT TABLESPACE USERS PROFILE DEFAULT ACCOUNT UNLOCK;

ALTER USER musark_auth QUOTA UNLIMITED ON USERS;
ALTER USER musark_storage QUOTA UNLIMITED ON USERS;
ALTER USER musark_actor QUOTA UNLIMITED ON USERS;
ALTER USER musark_analysis QUOTA UNLIMITED ON USERS;
ALTER USER musark_loan QUOTA UNLIMITED ON USERS;
ALTER USER musit_mapping QUOTA UNLIMITED ON USERS;

-- Create Auth tables
CREATE TABLE MUSARK_AUTH.AUTH_GROUP (
  group_uuid        VARCHAR2(36) NOT NULL,
  group_name        VARCHAR(100) NOT NULL,
  group_permission  INTEGER      NOT NULL,
  group_museumId    INTEGER      NOT NULL,
  group_description VARCHAR(512),
  PRIMARY KEY (group_uuid),
  CONSTRAINT unique_group_name UNIQUE (group_name)
);

CREATE TABLE MUSARK_AUTH.MUSEUM_COLLECTION (
  collection_uuid               VARCHAR2(36) NOT NULL,
  collection_name               VARCHAR(100),
  collection_schema_identifiers VARCHAR(100) NOT NULL,
  PRIMARY KEY (collection_uuid),
  CONSTRAINT unique_mcol_name UNIQUE (collection_name)
);

CREATE TABLE MUSARK_AUTH.USER_AUTH_GROUP (
  uag_id           INTEGER GENERATED BY DEFAULT AS IDENTITY,
  user_feide_email VARCHAR(254) NOT NULL,
  group_uuid       VARCHAR2(36) NOT NULL,
  collection_uuid  VARCHAR(36),
  PRIMARY KEY (uag_id),
  FOREIGN KEY (group_uuid) REFERENCES MUSARK_AUTH.AUTH_GROUP (group_uuid),
  FOREIGN KEY (collection_uuid) REFERENCES MUSARK_AUTH.MUSEUM_COLLECTION (collection_uuid)
);

CREATE TABLE MUSARK_AUTH.USER_INFO (
  user_uuid    VARCHAR2(36) NOT NULL,
  secondary_id VARCHAR(512),
  name         VARCHAR(512),
  email        VARCHAR(254),
  picture      VARCHAR(100),
  PRIMARY KEY (user_uuid)
);

-- Table for keeping tabs on a users authenticated activity. "user_uuid" is not
-- set as a foreign key deliberately. This allows us to prepare the session with
-- a unique ID before we've received the access token from Dataporten.
CREATE TABLE MUSARK_AUTH.USER_SESSION (
  session_uuid     VARCHAR2(36)      NOT NULL,
  token            VARCHAR2(36),
  user_uuid        VARCHAR2(36),
  login_time       TIMESTAMP WITH TIME ZONE,
  last_active      TIMESTAMP WITH TIME ZONE,
  is_logged_in     INTEGER DEFAULT 0 NOT NULL,
  token_expires_in NUMBER(20),
  client           VARCHAR2(20),
  PRIMARY KEY (session_uuid)
);

-- Actor tables
CREATE TABLE MUSIT_MAPPING.ACTOR (
  actorid             NUMBER(20) GENERATED BY DEFAULT AS IDENTITY,
  actorname           VARCHAR2(512),
  dataporten_uuid     VARCHAR2(36),
  dataporten_username VARCHAR(100),
  old_username        VARCHAR2(50),
  lokal_pk            INTEGER,
  tabellid            INTEGER,
  old_schemaname      VARCHAR2(50),
  museum_id           INTEGER,
  application_uuid    VARCHAR2(36),
  PRIMARY KEY (actorid)
);

CREATE TABLE MUSARK_ACTOR.ORGANISATION (
  org_id NUMBER(20) GENERATED BY DEFAULT AS IDENTITY,
  full_name VARCHAR(255) NOT NULL,
  tel VARCHAR(20),
  web VARCHAR(255),
  synonyms VARCHAR(255),
  service_tags VARCHAR(500),
  PRIMARY KEY (org_id)
);

CREATE TABLE MUSARK_ACTOR.ORGANISATION_ADDRESS (
  orgaddressid NUMBER(20) GENERATED BY DEFAULT AS IDENTITY,
  org_id NUMBER(20) NOT NULL,
  address_type VARCHAR(20),
  street_address VARCHAR(20),
  locality VARCHAR(255),
  postal_code VARCHAR(12),
  country_name VARCHAR(255),
  latitude FLOAT,
  longitude FLOAT,
  PRIMARY KEY (orgaddressid),
  FOREIGN KEY (org_id) REFERENCES MUSARK_ACTOR.ORGANISATION(org_id)
);


-- storage facility tables
CREATE TABLE MUSARK_STORAGE.STORAGE_NODE (
  storage_node_id   NUMBER(20) GENERATED BY DEFAULT AS IDENTITY,
  storage_node_uuid VARCHAR2(36),
  storage_node_name VARCHAR(512),
  area              NUMBER,
  area_to           NUMBER,
  is_storage_unit   VARCHAR(1)   DEFAULT '1',
  is_part_of        NUMBER(20),
  height            NUMBER,
  height_to         NUMBER,
  node_path         VARCHAR(1000)            NOT NULL,
  is_deleted        INTEGER DEFAULT 0        NOT NULL,
  storage_type      VARCHAR(100) DEFAULT 'StorageUnit',
  group_read        VARCHAR(4000),
  group_write       VARCHAR(4000),
  old_barcode       NUMBER(20),
  museum_id         INTEGER                  NOT NULL,
  updated_by        VARCHAR2(36)             NOT NULL,
  updated_date      TIMESTAMP WITH TIME ZONE NOT NULL,
  PRIMARY KEY (storage_node_id)
);

CREATE TABLE MUSARK_STORAGE.ROOM (
  storage_node_id               NUMBER(20) NOT NULL,
  perimeter_security            INTEGER,
  theft_protection              INTEGER,
  fire_protection               INTEGER,
  water_damage_assessment       INTEGER,
  routines_and_contingency_plan INTEGER,
  relative_humidity             INTEGER,
  temperature_assessment        INTEGER,
  lighting_condition            INTEGER,
  preventive_conservation       INTEGER,
  PRIMARY KEY (storage_node_id),
  FOREIGN KEY (storage_node_id) REFERENCES MUSARK_STORAGE.STORAGE_NODE (storage_node_id)
);

CREATE TABLE MUSARK_STORAGE.BUILDING (
  storage_node_id NUMBER(20) NOT NULL,
  postal_address  VARCHAR(512),
  PRIMARY KEY (storage_node_id),
  FOREIGN KEY (storage_node_id) REFERENCES MUSARK_STORAGE.STORAGE_NODE (storage_node_id)
);

CREATE TABLE MUSARK_STORAGE.ORGANISATION (
  storage_node_id NUMBER(20) NOT NULL,
  postal_address  VARCHAR(512),
  org_as_actor_id NUMBER(20),
  org_as_actor_uuid VARCHAR2(36),
  PRIMARY KEY (storage_node_id),
  FOREIGN KEY (storage_node_id) REFERENCES MUSARK_STORAGE.STORAGE_NODE (storage_node_id)
);

-- ===========================================================================
-- The NEW StorageFacility event tables
-- ===========================================================================
CREATE SEQUENCE MUSARK_STORAGE.nevent_sequence
INCREMENT BY 1
START WITH 1
NOMAXVALUE
NOCYCLE
NOCACHE;

CREATE TABLE MUSARK_STORAGE.NEW_EVENT (
  event_id        NUMBER(20) DEFAULT MUSARK_STORAGE.nevent_sequence.nextval,
  type_id         VARCHAR2(36) NOT NULL,
  museum_id       INTEGER,
  event_date      TIMESTAMP    NOT NULL,
  registered_by   VARCHAR2(36) NOT NULL,
  registered_date TIMESTAMP    NOT NULL,
  part_of         NUMBER(20),
  affected_uuid   VARCHAR2(36),
  affected_type   VARCHAR2(50), -- collection | sample | node | ...
  note            VARCHAR2(500),
  event_json      CLOB,
  PRIMARY KEY (event_id)
);

CREATE TABLE MUSARK_STORAGE.NEW_LOCAL_OBJECT (
  object_uuid         VARCHAR2(36) NOT NULL,
  latest_move_id      NUMBER(20)   NOT NULL,
  current_location_id VARCHAR2(36) NOT NULL,
  museum_id           INTEGER      NOT NULL,
  object_type         VARCHAR(50) DEFAULT 'collection', -- possible values can be 'collection', or 'sample'
  PRIMARY KEY (object_uuid),
  FOREIGN KEY (latest_move_id) REFERENCES MUSARK_STORAGE.NEW_EVENT (event_id)
);

-- TODO: This table can be removed after migration is completed and
-- all API's have been updated to use the new backend code.
CREATE TABLE MUSARK_STORAGE.MIGRATED_EVENTS (
  old_event_id NUMBER(20) NOT NULL,
  PRIMARY KEY (old_event_id)
);

-- ===========================================================================
-- StorageFacility Event specific tables.
-- ===========================================================================

CREATE TABLE MUSARK_STORAGE.ROLE (
  role_id   INTEGER GENERATED BY DEFAULT AS IDENTITY,
  name      VARCHAR2(100) NOT NULL,
  data_type VARCHAR2(100),
  PRIMARY KEY (role_id)
);

CREATE TABLE MUSARK_STORAGE.EVENT_TYPE (
  event_type_id INTEGER GENERATED BY DEFAULT AS IDENTITY,
  name          VARCHAR(100) NOT NULL,
  PRIMARY KEY (event_type_ID)
);

-- The main table for storing events in the StorageFacility service.
CREATE TABLE MUSARK_STORAGE.EVENT (
  event_id        NUMBER(20) GENERATED BY DEFAULT AS IDENTITY,
  event_type_id   INTEGER                  NOT NULL, -- Move to separate table if we want to allow multiple instantiations
  note            VARCHAR2(500),
  event_date      TIMESTAMP WITH TIME ZONE NOT NULL,
  registered_by   VARCHAR2(36)             NOT NULL,
  registered_date TIMESTAMP WITH TIME ZONE NOT NULL, -- When the event was received by the system
  value_long      NUMBER(20), -- Custom value, events can choose to store some event-specific value here. NOTE: 20 is probably waaaaaay to much.
  value_string    VARCHAR2(250), -- Custom value, events can choose to store some event-specific value here.
  value_float     FLOAT, -- Custom value, events can choose to store some event-specific value here.
  part_of         NUMBER(20), -- 1 to 1 with a top-level event
  PRIMARY KEY (event_id),
  FOREIGN KEY (event_type_id) REFERENCES MUSARK_STORAGE.EVENT_TYPE (event_type_id),
  FOREIGN KEY (part_of) REFERENCES MUSARK_STORAGE.EVENT (event_id)
);

CREATE TABLE MUSARK_STORAGE.EVENT_RELATION_EVENT (
  from_event_id NUMBER(20) NOT NULL,
  relation_id   INTEGER    NOT NULL,
  to_event_id   NUMBER(20) NOT NULL,
  FOREIGN KEY (from_event_id) REFERENCES MUSARK_STORAGE.EVENT (event_id),
  FOREIGN KEY (to_event_id) REFERENCES MUSARK_STORAGE.EVENT (event_id)
);

CREATE TABLE MUSARK_STORAGE.LOCAL_OBJECT (
  object_id           NUMBER(20) NOT NULL,
  latest_move_id      NUMBER(20) NOT NULL,
  current_location_id NUMBER(20) NOT NULL,
  museum_id           INTEGER    NOT NULL,
  object_type         VARCHAR(50) DEFAULT 'collection', -- possible values can be 'collection', or 'sample'
  PRIMARY KEY (object_id),
  -- FOREIGN KEY (latest_move_id) REFERENCES MUSARK_STORAGE.EVENT (event_id),
  FOREIGN KEY (current_location_id) REFERENCES MUSARK_STORAGE.STORAGE_NODE (storage_node_id)
);

CREATE TABLE MUSARK_STORAGE.EVENT_ROLE_ACTOR (
  event_id   NUMBER(20)   NOT NULL,
  role_id    INTEGER      NOT NULL,
  actor_uuid VARCHAR2(36) NOT NULL, -- reference by Id to the ActorService
  PRIMARY KEY (event_id, role_id, actor_uuid),
  FOREIGN KEY (event_id) REFERENCES MUSARK_STORAGE.EVENT (event_id),
  FOREIGN KEY (role_id) REFERENCES MUSARK_STORAGE.ROLE (role_id)
);

CREATE TABLE MUSARK_STORAGE.EVENT_ROLE_OBJECT (
  event_id      NUMBER(20) NOT NULL,
  role_id       INTEGER    NOT NULL,
  object_id     NUMBER(20) NOT NULL,
  event_type_id NUMBER(20) NOT NULL,
  PRIMARY KEY (event_id, role_id, object_id),
  FOREIGN KEY (event_id) REFERENCES MUSARK_STORAGE.EVENT (event_id),
  FOREIGN KEY (role_id) REFERENCES MUSARK_STORAGE.ROLE (role_id),
  FOREIGN KEY (object_id) REFERENCES MUSARK_STORAGE.LOCAL_OBJECT (object_id)
);

-- This is the generic event-to-place relation, the place of where an event
-- happened, the place of where something was moved to etc.
CREATE TABLE MUSARK_STORAGE.EVENT_ROLE_PLACE (
  event_id      NUMBER(20) NOT NULL,
  role_id       INTEGER    NOT NULL,
  place_id      NUMBER(20) NOT NULL,
  event_type_id NUMBER(20) NOT NULL,
  PRIMARY KEY (event_id, role_id, place_id),
  FOREIGN KEY (event_id) REFERENCES MUSARK_STORAGE.EVENT (event_id),
  FOREIGN KEY (role_id) REFERENCES MUSARK_STORAGE.ROLE (role_id),
  FOREIGN KEY (place_id) REFERENCES MUSARK_STORAGE.STORAGE_NODE (storage_node_id)
);

-- For some event types, the "objects" really are places. Read it as
-- Event_Role_PlaceAsObject. This situation is stored in this table. We could
-- have used the EVENT_ROLE_OBJECT, but then we would loose foreign keys and
-- would have needed to tag which is which.
CREATE TABLE MUSARK_STORAGE.EVENT_ROLE_PLACE_AS_OBJECT (
  event_id      NUMBER(20) NOT NULL,
  role_id       INTEGER    NOT NULL,
  place_id      NUMBER(20) NOT NULL,
  event_type_id NUMBER(20) NOT NULL,
  PRIMARY KEY (event_id, role_id, place_id),
  FOREIGN KEY (event_id) REFERENCES MUSARK_STORAGE.EVENT (event_id),
  FOREIGN KEY (role_id) REFERENCES MUSARK_STORAGE.ROLE (role_id),
  FOREIGN KEY (place_id) REFERENCES MUSARK_STORAGE.STORAGE_NODE (storage_node_id)
);

-- ===========================================================================
-- Tables for StorageFacility Events with additional attributes. These do not
-- fit into the three columns set aside for the custom attributes in the EVENT
-- table.
-- ===========================================================================

-- Contains data for Events that have a FROM -> TO structure.
CREATE TABLE MUSARK_STORAGE.OBSERVATION_FROM_TO (
  event_id   NUMBER(20) NOT NULL,
  value_from NUMBER,
  value_to   NUMBER,
  PRIMARY KEY (event_id),
  FOREIGN KEY (event_id) REFERENCES MUSARK_STORAGE.EVENT (event_id)
);

-- Contains extra data for storing environment requirement.
CREATE TABLE MUSARK_STORAGE.E_ENVIRONMENT_REQUIREMENT (
  event_id          NUMBER(20) NOT NULL,
  temperature       NUMBER,
  temp_tolerance    INTEGER,
  rel_humidity      NUMBER,
  rel_hum_tolerance INTEGER,
  hypoxic_air       NUMBER,
  hyp_air_tolerance INTEGER,
  cleaning          VARCHAR2(250),
  light             VARCHAR2(250),
  PRIMARY KEY (event_id),
  FOREIGN KEY (event_id) REFERENCES MUSARK_STORAGE.EVENT (event_id)
);

-- Contains extra data for storing info about a pest lifecycle. It is used by
-- the ObservationPest event which can have many of these.
CREATE TABLE MUSARK_STORAGE.OBSERVATION_PEST_LIFECYCLE (
  event_id NUMBER(20) NOT NULL,
  stage    VARCHAR2(250),
  quantity INTEGER,
  FOREIGN KEY (event_id) REFERENCES MUSARK_STORAGE.EVENT (event_id)
);

-- ===========================================================================
-- Temporary mapping table for museum objects.
-- ===========================================================================

-- Object table
CREATE TABLE MUSIT_MAPPING.MUSITTHING (
  object_id         NUMBER(20) GENERATED BY DEFAULT AS IDENTITY,
  museumNo          VARCHAR(100)      NOT NULL,
  subNo             VARCHAR(100),
  term              VARCHAR(256)      NOT NULL,
  museumId          INTEGER           NOT NULL,
  museumNoAsNumber  INTEGER,
  subNoAsNumber     INTEGER,
  mainobject_id     NUMBER(20),
  is_deleted        INTEGER DEFAULT 0 NOT NULL,
  old_schemaname    VARCHAR(100),
  lokal_pk          NUMBER(20),
  old_barcode       INTEGER,
  new_collection_id INTEGER,
  musitthing_uuid   VARCHAR(36),
  PRIMARY KEY (object_id)
);

-- ===========================================================================
-- Tables for Analysis and SampleObject management
-- ===========================================================================
CREATE TABLE MUSARK_ANALYSIS.SAMPLE_OBJECT (
  sample_uuid            VARCHAR2(36)             NOT NULL,
  parent_object_uuid     VARCHAR2(36),
  parent_object_type     VARCHAR(50),
  is_extracted           INTEGER DEFAULT 0        NOT NULL,
  museum_id              INTEGER                  NOT NULL,
  status                 INTEGER DEFAULT 1        NOT NULL,
  responsible_actor_id   VARCHAR2(36)             NOT NULL,
  created_date           TIMESTAMP WITH TIME ZONE NOT NULL,
  sample_id              VARCHAR2(100),
  external_id            VARCHAR2(100),
  external_id_source     VARCHAR2(100),
  sample_type            VARCHAR2(100),
  sample_sub_type        VARCHAR2(100),
  sample_size            NUMBER,
  sample_size_unit       VARCHAR2(10),
  sample_container       VARCHAR2(100),
  storage_medium         VARCHAR2(100),
  treatment              VARCHAR2(100),
  leftover_sample        INTEGER DEFAULT 1        NOT NULL,
  description            VARCHAR2(250),
  note                   VARCHAR2(250),
  originated_object_uuid VARCHAR2(36)             NOT NULL,
  registered_by          VARCHAR2(36)             NOT NULL,
  registered_date        TIMESTAMP WITH TIME ZONE NOT NULL,
  updated_by             VARCHAR2(36),
  updated_date           TIMESTAMP WITH TIME ZONE,
  is_deleted             INTEGER DEFAULT 0        NOT NULL,
  PRIMARY KEY (sample_uuid)
);

CREATE TABLE MUSARK_ANALYSIS.EVENT_TYPE (
  type_id     VARCHAR2(36)  NOT NULL,
  category    INTEGER       NOT NULL,
  name        VARCHAR2(100) NOT NULL,
  short_name  VARCHAR2(50),
  collections VARCHAR2(500), -- if empty then all collections, else value is ',uuid_1,uuid_2,uuid_9,'     LIKE '%,uuid_2,%'
  attributes  CLOB,
  PRIMARY KEY (type_id)
);

CREATE TABLE MUSARK_ANALYSIS.EVENT (
  event_id        NUMBER(20) GENERATED BY DEFAULT AS IDENTITY,
  type_id         VARCHAR2(36)             NOT NULL,
  done_by         VARCHAR2(36),
  done_date       TIMESTAMP WITH TIME ZONE,
  registered_by   VARCHAR2(36)             NOT NULL,
  registered_date TIMESTAMP WITH TIME ZONE NOT NULL,
  part_of         NUMBER(20),
  object_uuid     VARCHAR2(36),
  note            VARCHAR2(500),
  status          INTEGER,
  case_numbers    VARCHAR2(1000),
  event_json      CLOB,
  PRIMARY KEY (event_id),
  CONSTRAINT ensure_event_json CHECK (event_json IS JSON)
);

CREATE TABLE MUSARK_ANALYSIS.RESULT (
  event_id        NUMBER(20)               NOT NULL,
  registered_by   VARCHAR2(36)             NOT NULL,
  registered_date TIMESTAMP WITH TIME ZONE NOT NULL,
  result_json     CLOB,
  PRIMARY KEY (event_id),
  FOREIGN KEY (event_id) REFERENCES MUSARK_ANALYSIS.EVENT (event_id),
  CONSTRAINT ensure_result_json CHECK (result_json IS JSON)
);

CREATE TABLE MUSARK_ANALYSIS.TREATMENT (
  treatment_id NUMBER(20) GENERATED BY DEFAULT AS IDENTITY,
  no_treatment   VARCHAR2(100)             NOT NULL,
  en_treatment VARCHAR2(100) NOT NULL,
  PRIMARY KEY (treatment_id)
);

CREATE TABLE MUSARK_ANALYSIS.STORAGECONTAINER (
  storagecontainer_id NUMBER(20) GENERATED BY DEFAULT AS IDENTITY,
  no_storagecontainer   VARCHAR2(100)             NOT NULL,
  en_storagecontainer VARCHAR2(100) NOT NULL,
  PRIMARY KEY (storagecontainer_id)
);

CREATE TABLE MUSARK_LOAN.LOAN_EVENT (
  event_id        NUMBER(20) GENERATED BY DEFAULT AS IDENTITY,
  type_id         INTEGER                  NOT NULL,
  event_date      TIMESTAMP WITH TIME ZONE NOT NULL,
  registered_by   VARCHAR2(36)             NOT NULL,
  registered_date TIMESTAMP WITH TIME ZONE NOT NULL,
  museum_id       INTEGER                  NOT NULL,
  part_of         NUMBER(20),
  object_uuid     VARCHAR2(36),
  case_numbers    VARCHAR2(1000),
  note            VARCHAR2(500),
  event_json      CLOB,
  PRIMARY KEY (event_id),
  CONSTRAINT ensure_event_json CHECK (event_json IS JSON)
);

CREATE TABLE MUSARK_LOAN.ACTIVE_LOAN (
  active_loan_id NUMBER(20) GENERATED BY DEFAULT AS IDENTITY,
  museum_id      INTEGER                  NOT NULL,
  object_uuid    VARCHAR2(36)             NOT NULL UNIQUE,
  event_id       NUMBER(20)               NOT NULL,
  return_date    TIMESTAMP WITH TIME ZONE NOT NULL,
  PRIMARY KEY (active_loan_id)
);

CREATE TABLE MUSARK_LOAN.LENT_OBJECT (
  lent_object_id NUMBER(20) GENERATED BY DEFAULT AS IDENTITY,
  event_id       NUMBER(20)   NOT NULL,
  object_uuid    VARCHAR2(36) NOT NULL,
  PRIMARY KEY (lent_object_id)
);


-- Grant all rights on tables to musit user
BEGIN
  FOR x IN (SELECT owner || '.' || table_name ownertab
            FROM all_tables
            WHERE owner LIKE 'MUSARK_%' OR owner = 'MUSIT_MAPPING')
  LOOP
    EXECUTE IMMEDIATE 'GRANT ALL ON ' || x.ownertab || ' TO MUSIT';
  END LOOP;
END;

-- default museum collections
INSERT INTO musark_auth.museum_collection VALUES ('2e4f2455-1b3b-4a04-80a1-ba92715ff613', 'Arkeologi', '[1]');
INSERT INTO musark_auth.museum_collection VALUES ('88b35138-24b5-4e62-bae4-de80fae7df82', 'Etnografi', '[2]');
INSERT INTO musark_auth.museum_collection VALUES ('8bbdf9b3-56d1-479a-9509-2ea82842e8f8', 'Numismatikk', '[3]');
INSERT INTO musark_auth.museum_collection VALUES ('fcb4c598-8b05-4095-ac00-ce66247be38a', 'Lav', '[4]');
INSERT INTO musark_auth.museum_collection VALUES ('d0dd5ad3-c22f-4ea0-8b52-dc5b0e17aa24', 'Mose', '[5]');
INSERT INTO musark_auth.museum_collection VALUES ('23ca0166-5f9e-44c2-ab0d-b4cdd704af07', 'Sopp', '[6]');
INSERT INTO musark_auth.museum_collection VALUES ('1d8dd4e6-1527-439c-ac86-fc315e0ce852', 'Alger', '[7]');
INSERT INTO musark_auth.museum_collection VALUES ('7352794d-4973-447b-b84e-2635cafe910a', 'Karplanter', '[8]');
INSERT INTO musark_auth.museum_collection VALUES ('ba3d4d30-810b-4c07-81b3-37751f2196f0', 'Entomologi', '[9]');
INSERT INTO musark_auth.museum_collection VALUES ('ef4dc066-b6f8-4155-89f8-7aa9aeeb2dc4', 'Marine evertebrater', '[10]');

-- auth groups
INSERT INTO musark_auth.auth_group VALUES ('c0f20097-e803-4d1f-9d86-7b36bcfaec19', 'GodAccess', 10000, 10000, 'Full blown administrator with access to all functionality');
INSERT INTO musark_auth.auth_group VALUES ('869cc344-5515-49c0-a7a5-79e371f4e64b', 'TestAppAdmin', 40, 10000, 'Application administrator with access to all functionality');
INSERT INTO musark_auth.auth_group VALUES ('2d503a2e-2211-45dd-a99f-fe1a38b5f2a2', 'TestSfRead', 10, 99, 'Read access to storage facility for TEST');
INSERT INTO musark_auth.auth_group VALUES ('c81c314c-0675-4cd1-8956-c96a7163825b', 'TestSfWrite', 20, 99, 'Write access to storage facility for TEST');
INSERT INTO musark_auth.auth_group VALUES ('bc4b4d44-9470-4622-8e29-03f0bfaf5149', 'TestSfAdmin', 30, 99, 'Admin access to storage facility for TEST');
INSERT INTO musark_auth.auth_group VALUES ('3ce7692d-2101-45a4-955b-0ca861540cd9', 'KhmSfRead', 10, 3, 'Read access to storage facility for KHM');
INSERT INTO musark_auth.auth_group VALUES ('fd34b019-81e1-47a2-987b-64389d6fce04', 'KhmSfWrite', 20, 3, 'Write access to storage facility for KHM');
INSERT INTO musark_auth.auth_group VALUES ('de48b2dd-f25c-4b06-a5d4-7de45780ef2e', 'KhmSfAdmin', 30, 3, 'Admin access to storage facility for KHM');
INSERT INTO musark_auth.auth_group VALUES ('92e3b487-c962-43d9-a2ea-b8a7bed1b67a', 'NhmSfRead', 10, 4, 'Read access to storage facility for NHM');
INSERT INTO musark_auth.auth_group VALUES ('f311dd04-89b8-48a4-b4cd-68092f76ebab', 'NhmSfWrite', 20, 4, 'Write access to storage facility for NHM');
INSERT INTO musark_auth.auth_group VALUES ('5aa16994-92b3-45df-adfa-7f9fdf54ce34', 'NhmSfAdmin', 30, 4, 'Admin access to storage facility for NHM');
INSERT INTO musark_auth.auth_group VALUES ('b923b5df-54d3-4724-9386-c1273561f1a1', 'UmSfRead', 10, 2, 'Read access to storage facility for UM');
INSERT INTO musark_auth.auth_group VALUES ('6ae158a1-398c-4f05-9992-1e19759e3221', 'UmSfWrite', 20, 2, 'Write access to storage facility for UM');
INSERT INTO musark_auth.auth_group VALUES ('0ccefaff-aee3-4447-98e5-ec29bb9b80b7', 'UmSfAdmin', 30, 2, 'Admin access to storage facility for UM');
INSERT INTO musark_auth.auth_group VALUES ('428f6108-f376-47e5-80c2-0e166e75ae42', 'AmSfRead', 10, 1, 'Read access to storage facility for AM');
INSERT INTO musark_auth.auth_group VALUES ('f6a43a29-c0ee-419f-b315-d343629fb9b8', 'AmSfWrite', 20, 1, 'Write access to storage facility for AM');
INSERT INTO musark_auth.auth_group VALUES ('3a3a173e-cf99-4301-9988-78fcd5d3d153', 'AmSfAdmin', 30, 1, 'Admin access to storage facility for AM');
INSERT INTO musark_auth.auth_group VALUES ('3eb0b341-6c16-46f7-bd75-b0e12ba6cb8b', 'VmSfRead', 10, 5, 'Read access to storage facility for VM');
INSERT INTO musark_auth.auth_group VALUES ('b4beaefb-d124-4f10-874d-ef59ffa1bb3b', 'VmSfWrite', 20, 5, 'Write access to storage facility for VM');
INSERT INTO musark_auth.auth_group VALUES ('cd9ea5bf-7972-45c2-a0fd-b7e75fc2e5db', 'VmSfAdmin', 30, 5, 'Admin access to storage facility for VM');
INSERT INTO musark_auth.auth_group VALUES ('b08efccf-a4a7-41b0-b208-acc8fc9c9bb4', 'TmuSfRead', 10, 6, 'Read access to storage facility for TMU');
INSERT INTO musark_auth.auth_group VALUES ('4f8204c3-d48f-4a7c-9c79-1136edc337fb', 'TmuSfWrite', 20, 6, 'Write access to storage facility for TMU');
INSERT INTO musark_auth.auth_group VALUES ('611202c5-8c69-444d-9b82-6aac5be150e4', 'TmuSfAdmin', 30, 6, 'Admin access to storage facility for TMU');
INSERT INTO musark_auth.auth_group VALUES ('b1bd705b-a6b4-48ee-b517-f1c7be1bb015', 'KmnSfRead', 10, 7, 'Read access to storage facility for KMN');
INSERT INTO musark_auth.auth_group VALUES ('c875ae85-7a01-4594-8e3e-7e4fbc792489', 'KmnSfWrite', 20, 7, 'Write access to storage facility for KMN');
INSERT INTO musark_auth.auth_group VALUES ('53a87b63-4628-482a-b28c-40689129b962', 'KmnSfAdmin', 30, 7, 'Admin access to storage facility for KMN');

-- event types
INSERT INTO musark_storage.event_type (name) VALUES ('MoveObject');
INSERT INTO musark_storage.event_type (name) VALUES ('MovePlace');
INSERT INTO musark_storage.event_type (name) VALUES ('EnvRequirement');
INSERT INTO musark_storage.event_type (name) VALUES ('Control');
INSERT INTO musark_storage.event_type (name) VALUES ('Observation');
INSERT INTO musark_storage.event_type (name) VALUES ('ControlAlcohol');
INSERT INTO musark_storage.event_type (name) VALUES ('ControlCleaning');
INSERT INTO musark_storage.event_type (name) VALUES ('ControlGas');
INSERT INTO musark_storage.event_type (name) VALUES ('ControlHypoxicAir');
INSERT INTO musark_storage.event_type (name) VALUES ('ControlLightingCondition');
INSERT INTO musark_storage.event_type (name) VALUES ('ControlMold');
INSERT INTO musark_storage.event_type (name) VALUES ('ControlPest');
INSERT INTO musark_storage.event_type (name) VALUES ('ControlRelativeHumidity');
INSERT INTO musark_storage.event_type (name) VALUES ('ControlTemperature');
INSERT INTO musark_storage.event_type (name) VALUES ('ObservationAlcohol');
INSERT INTO musark_storage.event_type (name) VALUES ('ObservationCleaning');
INSERT INTO musark_storage.event_type (name) VALUES ('ObservationFireProtection');
INSERT INTO musark_storage.event_type (name) VALUES ('ObservationGas');
INSERT INTO musark_storage.event_type (name) VALUES ('ObservationHypoxicAir');
INSERT INTO musark_storage.event_type (name) VALUES ('ObservationLightingCondition');
INSERT INTO musark_storage.event_type (name) VALUES ('ObservationMold');
INSERT INTO musark_storage.event_type (name) VALUES ('ObservationPerimeterSecurity');
INSERT INTO musark_storage.event_type (name) VALUES ('ObservationRelativeHumidity');
INSERT INTO musark_storage.event_type (name) VALUES ('ObservationPest');
INSERT INTO musark_storage.event_type (name) VALUES ('ObservationTemperature');
INSERT INTO musark_storage.event_type (name) VALUES ('ObservationTheftProtection');
INSERT INTO musark_storage.event_type (name) VALUES ('ObservationWaterDamageAssessment');

-- event types for analysis
INSERT INTO MUSARK_ANALYSIS.EVENT_TYPE (type_id, category, name, short_name, attributes, collections) VALUES ('fabe6462-ea94-43ce-bf7f-724a4191e114', 2, 'C/N-ratio', 'C/N', NULL, ',fcb4c598-8b05-4095-ac00-ce66247be38a,d0dd5ad3-c22f-4ea0-8b52-dc5b0e17aa24,23ca0166-5f9e-44c2-ab0d-b4cdd704af07,1d8dd4e6-1527-439c-ac86-fc315e0ce852,7352794d-4973-447b-b84e-2635cafe910a,ba3d4d30-810b-4c07-81b3-37751f2196f0,ef4dc066-b6f8-4155-89f8-7aa9aeeb2dc4,');
INSERT INTO MUSARK_ANALYSIS.EVENT_TYPE (type_id, category, name, short_name, attributes, collections) VALUES ('b15ee459-38c9-414f-8b54-7c6439b44d3d', 1, 'Telling av vekstsoner/årringer', NULL, '{"age":"String"}', ',2e4f2455-1b3b-4a04-80a1-ba92715ff613,88b35138-24b5-4e62-bae4-de80fae7df82,8bbdf9b3-56d1-479a-9509-2ea82842e8f8,fcb4c598-8b05-4095-ac00-ce66247be38a,d0dd5ad3-c22f-4ea0-8b52-dc5b0e17aa24,23ca0166-5f9e-44c2-ab0d-b4cdd704af07,1d8dd4e6-1527-439c-ac86-fc315e0ce852,7352794d-4973-447b-b84e-2635cafe910a,');
INSERT INTO MUSARK_ANALYSIS.EVENT_TYPE (type_id, category, name, short_name, attributes, collections) VALUES ('55fdf44b-f4dc-45d1-bdb6-ee6e745123a0', 2, 'LA-ICP-MS (sporelementer)', 'La-ICP-MS', NULL, ',2e4f2455-1b3b-4a04-80a1-ba92715ff613,88b35138-24b5-4e62-bae4-de80fae7df82,8bbdf9b3-56d1-479a-9509-2ea82842e8f8,');
INSERT INTO MUSARK_ANALYSIS.EVENT_TYPE (type_id, category, name, short_name, attributes, collections) VALUES ('80a4f3e1-5b45-433f-83c0-8a388364beba', 2, 'Pyrolyse gasskromatografi-massespektrometri', 'Py-GC/MS', NULL, ',2e4f2455-1b3b-4a04-80a1-ba92715ff613,88b35138-24b5-4e62-bae4-de80fae7df82,8bbdf9b3-56d1-479a-9509-2ea82842e8f8,');
INSERT INTO MUSARK_ANALYSIS.EVENT_TYPE (type_id, category, name, short_name, attributes, collections) VALUES ('38c1d623-4005-4562-aa57-0efbeee2837d', 2, 'Atomabsorbsjonspektroskopi', 'AAS', NULL, ',2e4f2455-1b3b-4a04-80a1-ba92715ff613,88b35138-24b5-4e62-bae4-de80fae7df82,8bbdf9b3-56d1-479a-9509-2ea82842e8f8,');
INSERT INTO MUSARK_ANALYSIS.EVENT_TYPE (type_id, category, name, short_name, attributes, collections) VALUES ('7214d962-cd0f-492e-b353-d0bafce6ecb7', 2, 'Electron Micro Probe analysis', 'EMPA', NULL, ',2e4f2455-1b3b-4a04-80a1-ba92715ff613,88b35138-24b5-4e62-bae4-de80fae7df82,8bbdf9b3-56d1-479a-9509-2ea82842e8f8,');
INSERT INTO MUSARK_ANALYSIS.EVENT_TYPE (type_id, category, name, short_name, attributes, collections) VALUES ('639f5dd9-e115-4907-8c84-f4b2de9bf9e7', 2, 'Electron spin resonance', 'ESR/EPR', NULL, ',2e4f2455-1b3b-4a04-80a1-ba92715ff613,88b35138-24b5-4e62-bae4-de80fae7df82,8bbdf9b3-56d1-479a-9509-2ea82842e8f8,');
INSERT INTO MUSARK_ANALYSIS.EVENT_TYPE (type_id, category, name, short_name, attributes, collections) VALUES ('1ac71fb5-20c3-4df3-8331-45fbb3b52c76', 2, 'Energidispersiv røntgenspektroskopi', 'EDS/EDX', NULL, ',2e4f2455-1b3b-4a04-80a1-ba92715ff613,88b35138-24b5-4e62-bae4-de80fae7df82,8bbdf9b3-56d1-479a-9509-2ea82842e8f8,');
INSERT INTO MUSARK_ANALYSIS.EVENT_TYPE (type_id, category, name, short_name, attributes, collections) VALUES ('7d29027f-13e4-46d3-82a6-329ae31e21e1', 2, 'Fouriertransform infrarød spektroskopi', 'FTIR', NULL, ',2e4f2455-1b3b-4a04-80a1-ba92715ff613,88b35138-24b5-4e62-bae4-de80fae7df82,8bbdf9b3-56d1-479a-9509-2ea82842e8f8,');
INSERT INTO MUSARK_ANALYSIS.EVENT_TYPE (type_id, category, name, short_name, attributes, collections) VALUES ('48b4b466-a91c-4314-9e6d-570aa506478b', 2, 'Gasskromatografi', 'GC', NULL, ',2e4f2455-1b3b-4a04-80a1-ba92715ff613,88b35138-24b5-4e62-bae4-de80fae7df82,8bbdf9b3-56d1-479a-9509-2ea82842e8f8,');
INSERT INTO MUSARK_ANALYSIS.EVENT_TYPE (type_id, category, name, short_name, attributes, collections) VALUES ('fcf7a176-dddd-4410-8b9c-22c3fc888d67', 2, 'Gasskromatografi-massespektrometri', 'GC-MS', NULL, ',2e4f2455-1b3b-4a04-80a1-ba92715ff613,88b35138-24b5-4e62-bae4-de80fae7df82,8bbdf9b3-56d1-479a-9509-2ea82842e8f8,');
INSERT INTO MUSARK_ANALYSIS.EVENT_TYPE (type_id, category, name, short_name, attributes, collections) VALUES ('eddaaefb-18be-4539-b9a5-81b53a66d6c7', 2, 'GC-combustion-isotope ratio-MS', 'GC-C-IRMS', NULL, ',2e4f2455-1b3b-4a04-80a1-ba92715ff613,88b35138-24b5-4e62-bae4-de80fae7df82,8bbdf9b3-56d1-479a-9509-2ea82842e8f8,');
INSERT INTO MUSARK_ANALYSIS.EVENT_TYPE (type_id, category, name, short_name, attributes, collections) VALUES ('b6f13ca5-cae7-4eb2-ac29-34c4044bce34', 2, 'Induktivt koblet plasma massespektrometri', 'ICP-MS', NULL, ',2e4f2455-1b3b-4a04-80a1-ba92715ff613,88b35138-24b5-4e62-bae4-de80fae7df82,8bbdf9b3-56d1-479a-9509-2ea82842e8f8,');
INSERT INTO MUSARK_ANALYSIS.EVENT_TYPE (type_id, category, name, short_name, attributes, collections) VALUES ('b0caabfb-eb1d-4a7a-97c8-8fd7ce0527c2', 2, 'Induktivt koblet plasma optisk emisjonsspektroskopi', 'ICP-OES, ICP-AES', NULL, ',2e4f2455-1b3b-4a04-80a1-ba92715ff613,88b35138-24b5-4e62-bae4-de80fae7df82,8bbdf9b3-56d1-479a-9509-2ea82842e8f8,');
INSERT INTO MUSARK_ANALYSIS.EVENT_TYPE (type_id, category, name, short_name, attributes, collections) VALUES ('93db4c4a-6a42-4463-94ac-0b1bb064d5d4', 2, 'Ioneselektiv elektrode, klorid', 'ISE', NULL, ',2e4f2455-1b3b-4a04-80a1-ba92715ff613,88b35138-24b5-4e62-bae4-de80fae7df82,8bbdf9b3-56d1-479a-9509-2ea82842e8f8,');
INSERT INTO MUSARK_ANALYSIS.EVENT_TYPE (type_id, category, name, short_name, attributes, collections) VALUES ('4d786c49-8564-4cb5-8168-fecd9cb2a9a6', 2, 'Ioneselektiv elektrode, pH', 'ISE', NULL, ',2e4f2455-1b3b-4a04-80a1-ba92715ff613,88b35138-24b5-4e62-bae4-de80fae7df82,8bbdf9b3-56d1-479a-9509-2ea82842e8f8,');
INSERT INTO MUSARK_ANALYSIS.EVENT_TYPE (type_id, category, name, short_name, attributes, collections) VALUES ('537974c5-5c41-47f7-874b-50e211c3cf34', 2, 'Massespektrometri', 'MS', NULL, ',2e4f2455-1b3b-4a04-80a1-ba92715ff613,88b35138-24b5-4e62-bae4-de80fae7df82,8bbdf9b3-56d1-479a-9509-2ea82842e8f8,');
INSERT INTO MUSARK_ANALYSIS.EVENT_TYPE (type_id, category, name, short_name, attributes, collections) VALUES ('6103b028-a167-4227-b468-bcfb0ec0ea74', 2, 'Miljøgifter, organiske og uorganske komponeneter', 'GC/MS, LC/MS, GC/ECD, etc.', NULL, ',2e4f2455-1b3b-4a04-80a1-ba92715ff613,88b35138-24b5-4e62-bae4-de80fae7df82,8bbdf9b3-56d1-479a-9509-2ea82842e8f8,');
INSERT INTO MUSARK_ANALYSIS.EVENT_TYPE (type_id, category, name, short_name, attributes, collections) VALUES ('9bb688df-5556-4b25-80d2-676c025be34a', 2, 'Multi-angle light scattering', 'MALS', NULL, ',ba3d4d30-810b-4c07-81b3-37751f2196f0,ef4dc066-b6f8-4155-89f8-7aa9aeeb2dc4,2e4f2455-1b3b-4a04-80a1-ba92715ff613,88b35138-24b5-4e62-bae4-de80fae7df82,8bbdf9b3-56d1-479a-9509-2ea82842e8f8,');
INSERT INTO MUSARK_ANALYSIS.EVENT_TYPE (type_id, category, name, short_name, attributes, collections) VALUES ('9bfd8e52-8c30-4680-9bee-3640911218c6', 2, 'Neutron imaging (tomography)', NULL, NULL, ',2e4f2455-1b3b-4a04-80a1-ba92715ff613,88b35138-24b5-4e62-bae4-de80fae7df82,8bbdf9b3-56d1-479a-9509-2ea82842e8f8,');
INSERT INTO MUSARK_ANALYSIS.EVENT_TYPE (type_id, category, name, short_name, attributes, collections) VALUES ('8d14aa8c-ec1f-498f-8eea-a8a07c15b773', 2, 'Nuclear magnetic resonance', 'NMR', NULL, ',2e4f2455-1b3b-4a04-80a1-ba92715ff613,88b35138-24b5-4e62-bae4-de80fae7df82,8bbdf9b3-56d1-479a-9509-2ea82842e8f8,');
INSERT INTO MUSARK_ANALYSIS.EVENT_TYPE (type_id, category, name, short_name, attributes, collections) VALUES ('c02b5575-3f33-4a28-b603-979043ddf108', 2, 'Nøytron aktiveringsanalyse', 'NAA', NULL, ',2e4f2455-1b3b-4a04-80a1-ba92715ff613,88b35138-24b5-4e62-bae4-de80fae7df82,8bbdf9b3-56d1-479a-9509-2ea82842e8f8,');
INSERT INTO MUSARK_ANALYSIS.EVENT_TYPE (type_id, category, name, short_name, attributes, collections) VALUES ('4f1ae652-13f0-462f-8514-87f951578ce3', 2, 'PIXE (Particle induced X-ray emission spectroscopy)', 'PIXE', NULL, ',2e4f2455-1b3b-4a04-80a1-ba92715ff613,88b35138-24b5-4e62-bae4-de80fae7df82,8bbdf9b3-56d1-479a-9509-2ea82842e8f8,');
INSERT INTO MUSARK_ANALYSIS.EVENT_TYPE (type_id, category, name, short_name, attributes, collections) VALUES ('33740494-9a05-4b76-bd80-2d46d190bb70', 2, 'Raman-spektroskopi', 'Raman', NULL, ',2e4f2455-1b3b-4a04-80a1-ba92715ff613,88b35138-24b5-4e62-bae4-de80fae7df82,8bbdf9b3-56d1-479a-9509-2ea82842e8f8,');
INSERT INTO MUSARK_ANALYSIS.EVENT_TYPE (type_id, category, name, short_name, attributes, collections) VALUES ('6a86e5d8-e084-480e-b50a-b17f48d3903b', 2, 'Røntgendiffraksjon', 'XRD', NULL, ',2e4f2455-1b3b-4a04-80a1-ba92715ff613,88b35138-24b5-4e62-bae4-de80fae7df82,8bbdf9b3-56d1-479a-9509-2ea82842e8f8,');
INSERT INTO MUSARK_ANALYSIS.EVENT_TYPE (type_id, category, name, short_name, attributes, collections) VALUES ('52568da0-fad9-478b-aa70-ac2a96ec9e30', 2, 'Røntgenfluorescensspektroskopi', 'XRF', NULL, ',2e4f2455-1b3b-4a04-80a1-ba92715ff613,88b35138-24b5-4e62-bae4-de80fae7df82,8bbdf9b3-56d1-479a-9509-2ea82842e8f8,');
INSERT INTO MUSARK_ANALYSIS.EVENT_TYPE (type_id, category, name, short_name, attributes, collections) VALUES ('818284da-ad3c-4293-a9ff-a0c7a294b1fb', 2, 'Tungmetaller, uorganisk', 'GFAAS, CVAAS, AFS, ICP-AES, ICP-MS, ICP-SFMS ', NULL, ',2e4f2455-1b3b-4a04-80a1-ba92715ff613,88b35138-24b5-4e62-bae4-de80fae7df82,8bbdf9b3-56d1-479a-9509-2ea82842e8f8,');
INSERT INTO MUSARK_ANALYSIS.EVENT_TYPE (type_id, category, name, short_name, attributes, collections) VALUES ('86dffc43-f3df-4445-a265-abd5fb18e88a', 2, 'UV-visible light spektroskopi', NULL, NULL, ',ba3d4d30-810b-4c07-81b3-37751f2196f0,ef4dc066-b6f8-4155-89f8-7aa9aeeb2dc4,2e4f2455-1b3b-4a04-80a1-ba92715ff613,88b35138-24b5-4e62-bae4-de80fae7df82,8bbdf9b3-56d1-479a-9509-2ea82842e8f8,');
INSERT INTO MUSARK_ANALYSIS.EVENT_TYPE (type_id, category, name, short_name, attributes, collections) VALUES ('6ec27bf6-8ecc-4664-9b1a-fcd00a1430c1', 2, 'Væskekromatografi', 'HPLC', NULL, ',2e4f2455-1b3b-4a04-80a1-ba92715ff613,88b35138-24b5-4e62-bae4-de80fae7df82,8bbdf9b3-56d1-479a-9509-2ea82842e8f8,');
INSERT INTO MUSARK_ANALYSIS.EVENT_TYPE (type_id, category, name, short_name, attributes, collections) VALUES ('398af141-09f7-43b9-98e0-84dfc2d5f73a', 2, 'X-ray Absorption Near Edge Structure', 'XANES', NULL, ',ba3d4d30-810b-4c07-81b3-37751f2196f0,ef4dc066-b6f8-4155-89f8-7aa9aeeb2dc4,2e4f2455-1b3b-4a04-80a1-ba92715ff613,88b35138-24b5-4e62-bae4-de80fae7df82,8bbdf9b3-56d1-479a-9509-2ea82842e8f8,');
INSERT INTO MUSARK_ANALYSIS.EVENT_TYPE (type_id, category, name, short_name, attributes, collections) VALUES ('9db59531-3d8d-48dd-83c5-4a78fdc24246', 3, 'Flowcytometri', NULL, NULL, ',2e4f2455-1b3b-4a04-80a1-ba92715ff613,88b35138-24b5-4e62-bae4-de80fae7df82,8bbdf9b3-56d1-479a-9509-2ea82842e8f8,');
INSERT INTO MUSARK_ANALYSIS.EVENT_TYPE (type_id, category, name, short_name, attributes, collections) VALUES ('b07e0e0a-a8c8-4ac6-b2e4-4a8876790913', 4, 'Kolorimeter (spektrofotometer)', NULL, NULL, ',fcb4c598-8b05-4095-ac00-ce66247be38a,d0dd5ad3-c22f-4ea0-8b52-dc5b0e17aa24,23ca0166-5f9e-44c2-ab0d-b4cdd704af07,1d8dd4e6-1527-439c-ac86-fc315e0ce852,7352794d-4973-447b-b84e-2635cafe910a,');
INSERT INTO MUSARK_ANALYSIS.EVENT_TYPE (type_id, category, name, short_name, attributes, collections) VALUES ('898b2cad-7996-4b03-99ca-a4e0af7c5ed7', 4, 'Reflektans spektroradiometri', NULL, NULL, ',2e4f2455-1b3b-4a04-80a1-ba92715ff613,88b35138-24b5-4e62-bae4-de80fae7df82,8bbdf9b3-56d1-479a-9509-2ea82842e8f8,');
INSERT INTO MUSARK_ANALYSIS.EVENT_TYPE (type_id, category, name, short_name, attributes, collections) VALUES ('93dce6cc-7779-4a4f-b4b4-cb7fda6c7021', 5, 'Dendrokronologi', 'Dendro', '{"age":"String"}', ',ba3d4d30-810b-4c07-81b3-37751f2196f0,ef4dc066-b6f8-4155-89f8-7aa9aeeb2dc4,');
INSERT INTO MUSARK_ANALYSIS.EVENT_TYPE (type_id, category, name, short_name, attributes, collections) VALUES ('2ee9d36b-8097-4009-a632-ce5b48af09b4', 2, 'Forbrenningsteknikk', NULL, NULL, ',2e4f2455-1b3b-4a04-80a1-ba92715ff613,88b35138-24b5-4e62-bae4-de80fae7df82,8bbdf9b3-56d1-479a-9509-2ea82842e8f8,fcb4c598-8b05-4095-ac00-ce66247be38a,d0dd5ad3-c22f-4ea0-8b52-dc5b0e17aa24,23ca0166-5f9e-44c2-ab0d-b4cdd704af07,1d8dd4e6-1527-439c-ac86-fc315e0ce852,7352794d-4973-447b-b84e-2635cafe910a,');
INSERT INTO MUSARK_ANALYSIS.EVENT_TYPE (type_id, category, name, short_name, attributes, collections) VALUES ('8453873d-227c-4205-a231-bf7e04164fab', 5, 'Geokronologi: Ar/Ar datering', 'Ar/Ar', '{"age":"String"}', NULL);
INSERT INTO MUSARK_ANALYSIS.EVENT_TYPE (type_id, category, name, short_name, attributes, collections) VALUES ('46e92edd-3a3a-40a6-9064-c3f7a0d27537', 5, 'Geokronologi: K-Ar datering', 'K-Ar', '{"age":"String"}', NULL);
INSERT INTO MUSARK_ANALYSIS.EVENT_TYPE (type_id, category, name, short_name, attributes, collections) VALUES ('05c4d60f-6282-4ca9-8563-1486440ad577', 5, 'Geokronologi: O18/O16', 'O18/O16', '{"age":"String"}', NULL);
INSERT INTO MUSARK_ANALYSIS.EVENT_TYPE (type_id, category, name, short_name, attributes, collections) VALUES ('b64f77d3-8430-4dd1-a41e-d094a800255e', 5, 'Geokronologi: U-Pb datering', 'U-Pb', '{"age":"String"}', NULL);
INSERT INTO MUSARK_ANALYSIS.EVENT_TYPE (type_id, category, name, short_name, attributes, collections) VALUES ('3ba66794-9425-4432-a859-558b111313c3', 5, 'Optisk stimulerende luminesens', 'OSL', '{"age":"String"}', ',2e4f2455-1b3b-4a04-80a1-ba92715ff613,88b35138-24b5-4e62-bae4-de80fae7df82,8bbdf9b3-56d1-479a-9509-2ea82842e8f8,');
INSERT INTO MUSARK_ANALYSIS.EVENT_TYPE (type_id, category, name, short_name, attributes, collections) VALUES ('5ed64f56-c759-4244-aaaa-4720599457aa', 5, 'Radiokarbondatering', 'C14', '{"age":"String"}', ',2e4f2455-1b3b-4a04-80a1-ba92715ff613,88b35138-24b5-4e62-bae4-de80fae7df82,8bbdf9b3-56d1-479a-9509-2ea82842e8f8,fcb4c598-8b05-4095-ac00-ce66247be38a,d0dd5ad3-c22f-4ea0-8b52-dc5b0e17aa24,23ca0166-5f9e-44c2-ab0d-b4cdd704af07,1d8dd4e6-1527-439c-ac86-fc315e0ce852,7352794d-4973-447b-b84e-2635cafe910a,');
INSERT INTO MUSARK_ANALYSIS.EVENT_TYPE (type_id, category, name, short_name, attributes, collections) VALUES ('5ab56169-632a-493e-a9cf-dc68b2c7d625', 5, 'Termoluminesens', 'TL', '{"age":"String"}', ',2e4f2455-1b3b-4a04-80a1-ba92715ff613,88b35138-24b5-4e62-bae4-de80fae7df82,8bbdf9b3-56d1-479a-9509-2ea82842e8f8,fcb4c598-8b05-4095-ac00-ce66247be38a,d0dd5ad3-c22f-4ea0-8b52-dc5b0e17aa24,23ca0166-5f9e-44c2-ab0d-b4cdd704af07,1d8dd4e6-1527-439c-ac86-fc315e0ce852,7352794d-4973-447b-b84e-2635cafe910a,');
INSERT INTO MUSARK_ANALYSIS.EVENT_TYPE (type_id, category, name, short_name, attributes, collections) VALUES ('d1419727-0510-46ba-adac-8e427d990504', 6, 'Barkoding', NULL, NULL, ',fcb4c598-8b05-4095-ac00-ce66247be38a,d0dd5ad3-c22f-4ea0-8b52-dc5b0e17aa24,23ca0166-5f9e-44c2-ab0d-b4cdd704af07,1d8dd4e6-1527-439c-ac86-fc315e0ce852,7352794d-4973-447b-b84e-2635cafe910a,ba3d4d30-810b-4c07-81b3-37751f2196f0,ef4dc066-b6f8-4155-89f8-7aa9aeeb2dc4,');
INSERT INTO MUSARK_ANALYSIS.EVENT_TYPE (type_id, category, name, short_name, attributes, collections) VALUES ('22f15907-122f-4d72-97e5-f8d0b27e1bed', 6, 'NGS-sekvensering', 'NGS', NULL, ',fcb4c598-8b05-4095-ac00-ce66247be38a,d0dd5ad3-c22f-4ea0-8b52-dc5b0e17aa24,23ca0166-5f9e-44c2-ab0d-b4cdd704af07,1d8dd4e6-1527-439c-ac86-fc315e0ce852,7352794d-4973-447b-b84e-2635cafe910a,ba3d4d30-810b-4c07-81b3-37751f2196f0,ef4dc066-b6f8-4155-89f8-7aa9aeeb2dc4,');
INSERT INTO MUSARK_ANALYSIS.EVENT_TYPE (type_id, category, name, short_name, attributes, collections) VALUES ('5ae83a0e-2514-4189-953a-92cac40c987f', 6, 'Sanger-sekvensering', 'Sanger', NULL, ',fcb4c598-8b05-4095-ac00-ce66247be38a,d0dd5ad3-c22f-4ea0-8b52-dc5b0e17aa24,23ca0166-5f9e-44c2-ab0d-b4cdd704af07,1d8dd4e6-1527-439c-ac86-fc315e0ce852,7352794d-4973-447b-b84e-2635cafe910a,ba3d4d30-810b-4c07-81b3-37751f2196f0,ef4dc066-b6f8-4155-89f8-7aa9aeeb2dc4,');
INSERT INTO MUSARK_ANALYSIS.EVENT_TYPE (type_id, category, name, short_name, attributes, collections) VALUES ('4201b094-6a0c-4e02-b5bf-85462a135efd', 6, 'Genetisk kjønnsbestemmelse', NULL, NULL, ',ba3d4d30-810b-4c07-81b3-37751f2196f0,ef4dc066-b6f8-4155-89f8-7aa9aeeb2dc4,');
INSERT INTO MUSARK_ANALYSIS.EVENT_TYPE (type_id, category, name, short_name, attributes, collections) VALUES ('cfdcc1a1-35ce-42c2-a743-4970d81380e6', 6, 'DNA-analyse', 'DNA', NULL, ',2e4f2455-1b3b-4a04-80a1-ba92715ff613,88b35138-24b5-4e62-bae4-de80fae7df82,8bbdf9b3-56d1-479a-9509-2ea82842e8f8,');
INSERT INTO MUSARK_ANALYSIS.EVENT_TYPE (type_id, category, name, short_name, attributes, collections) VALUES ('c641fa89-cf10-4724-a707-f8048c7ea773', 6, 'Mikrosatellitt-analyse', 'MSAT', NULL, ',fcb4c598-8b05-4095-ac00-ce66247be38a,d0dd5ad3-c22f-4ea0-8b52-dc5b0e17aa24,23ca0166-5f9e-44c2-ab0d-b4cdd704af07,1d8dd4e6-1527-439c-ac86-fc315e0ce852,7352794d-4973-447b-b84e-2635cafe910a,ba3d4d30-810b-4c07-81b3-37751f2196f0,ef4dc066-b6f8-4155-89f8-7aa9aeeb2dc4,');
INSERT INTO MUSARK_ANALYSIS.EVENT_TYPE (type_id, category, name, short_name, attributes, collections) VALUES ('aba1fefa-e137-4328-9188-d2ef7f89cda9', 6, 'Ekstraksjon (DNA, RNA, ...)', NULL, NULL, NULL);
INSERT INTO MUSARK_ANALYSIS.EVENT_TYPE (type_id, category, name, short_name, attributes, collections) VALUES ('fed18a86-5887-4cd9-a95e-3c4b2298e8ba', 7, 'Petrofysiske og paleomagnetiske målinger', NULL, NULL, ',2e4f2455-1b3b-4a04-80a1-ba92715ff613,88b35138-24b5-4e62-bae4-de80fae7df82,8bbdf9b3-56d1-479a-9509-2ea82842e8f8,');
INSERT INTO MUSARK_ANALYSIS.EVENT_TYPE (type_id, category, name, short_name, attributes, collections) VALUES ('5507325e-9584-46f1-8cf9-a43fa0599d6e', 7, 'Petrografi (tynnslip) og mineralogi, se også PLM', NULL, NULL, ',2e4f2455-1b3b-4a04-80a1-ba92715ff613,88b35138-24b5-4e62-bae4-de80fae7df82,8bbdf9b3-56d1-479a-9509-2ea82842e8f8,');
INSERT INTO MUSARK_ANALYSIS.EVENT_TYPE (type_id, category, name, short_name, attributes, collections) VALUES ('1bbf15cb-8348-4e66-99a4-bc314da57a42', 8, '3D-skanning, laser', NULL, NULL, ',2e4f2455-1b3b-4a04-80a1-ba92715ff613,88b35138-24b5-4e62-bae4-de80fae7df82,8bbdf9b3-56d1-479a-9509-2ea82842e8f8,');
INSERT INTO MUSARK_ANALYSIS.EVENT_TYPE (type_id, category, name, short_name, attributes, collections) VALUES ('b39399ab-aabd-4ebc-903b-adcf6876a364', 8, '3D-skanning, strukturert lys', NULL, NULL, ',2e4f2455-1b3b-4a04-80a1-ba92715ff613,88b35138-24b5-4e62-bae4-de80fae7df82,8bbdf9b3-56d1-479a-9509-2ea82842e8f8,');
INSERT INTO MUSARK_ANALYSIS.EVENT_TYPE (type_id, category, name, short_name, attributes, collections) VALUES ('0a1e1346-69ad-468c-8075-a6707571f2fb', 8, 'Komputertomografi', 'CT', NULL, ',2e4f2455-1b3b-4a04-80a1-ba92715ff613,88b35138-24b5-4e62-bae4-de80fae7df82,8bbdf9b3-56d1-479a-9509-2ea82842e8f8,');
INSERT INTO MUSARK_ANALYSIS.EVENT_TYPE (type_id, category, name, short_name, attributes, collections) VALUES ('9a8fec08-a7d3-42bd-814d-0965d4c97888', 8, 'Røntgenavbilding (tomografi)', NULL, NULL, ',2e4f2455-1b3b-4a04-80a1-ba92715ff613,88b35138-24b5-4e62-bae4-de80fae7df82,8bbdf9b3-56d1-479a-9509-2ea82842e8f8,');
INSERT INTO MUSARK_ANALYSIS.EVENT_TYPE (type_id, category, name, short_name, attributes, collections) VALUES ('9be7bd59-b3ed-4beb-821c-3cc76fb2f1ea', 8, 'Røntgenfotografering', NULL, NULL, ',2e4f2455-1b3b-4a04-80a1-ba92715ff613,88b35138-24b5-4e62-bae4-de80fae7df82,8bbdf9b3-56d1-479a-9509-2ea82842e8f8,');
INSERT INTO MUSARK_ANALYSIS.EVENT_TYPE (type_id, category, name, short_name, attributes, collections) VALUES ('acfffa46-b092-44a8-9f9f-e27cdbb2aea9', 8, 'Røntgenmikroskopi', 'XRM', NULL, ',2e4f2455-1b3b-4a04-80a1-ba92715ff613,88b35138-24b5-4e62-bae4-de80fae7df82,8bbdf9b3-56d1-479a-9509-2ea82842e8f8,');
INSERT INTO MUSARK_ANALYSIS.EVENT_TYPE (type_id, category, name, short_name, attributes, collections) VALUES ('5fe5608b-5d75-4f35-b9ee-c498f4ec39a7', 8, 'Skanning elektronmikroskopi', 'SEM-EDS', NULL, NULL);
INSERT INTO MUSARK_ANALYSIS.EVENT_TYPE (type_id, category, name, short_name, attributes, collections) VALUES ('48d33719-4189-4969-9d21-7ca6f87926c5', 8, 'Transmisjon elektronmikroskopi', 'TEM', NULL, ',2e4f2455-1b3b-4a04-80a1-ba92715ff613,88b35138-24b5-4e62-bae4-de80fae7df82,8bbdf9b3-56d1-479a-9509-2ea82842e8f8,');
INSERT INTO MUSARK_ANALYSIS.EVENT_TYPE (type_id, category, name, short_name, attributes, collections) VALUES ('b7120224-50b0-48cd-bbd0-bb33ab66e831', 8, 'Ultrafiolett fluorisering', 'UV', NULL, ',2e4f2455-1b3b-4a04-80a1-ba92715ff613,88b35138-24b5-4e62-bae4-de80fae7df82,8bbdf9b3-56d1-479a-9509-2ea82842e8f8,');
INSERT INTO MUSARK_ANALYSIS.EVENT_TYPE (type_id, category, name, short_name, attributes, collections) VALUES ('24748725-9a05-43f4-bc2b-6bdaf642da74', 9, 'Isotopanalyse, karbon', '13C/12C', NULL, ',2e4f2455-1b3b-4a04-80a1-ba92715ff613,88b35138-24b5-4e62-bae4-de80fae7df82,8bbdf9b3-56d1-479a-9509-2ea82842e8f8,');
INSERT INTO MUSARK_ANALYSIS.EVENT_TYPE (type_id, category, name, short_name, attributes, collections) VALUES ('b61a4b54-3dc8-4002-90b1-049e440903c5', 9, 'Isotopanalyse, nitrogen', '15N/14N', NULL, ',2e4f2455-1b3b-4a04-80a1-ba92715ff613,88b35138-24b5-4e62-bae4-de80fae7df82,8bbdf9b3-56d1-479a-9509-2ea82842e8f8,');
INSERT INTO MUSARK_ANALYSIS.EVENT_TYPE (type_id, category, name, short_name, attributes, collections) VALUES ('2c4476be-8a75-490d-8d7b-8c77fd552458', 9, 'Isotopanalyse, oksygen', '18O/16O', NULL, ',2e4f2455-1b3b-4a04-80a1-ba92715ff613,88b35138-24b5-4e62-bae4-de80fae7df82,8bbdf9b3-56d1-479a-9509-2ea82842e8f8,');
INSERT INTO MUSARK_ANALYSIS.EVENT_TYPE (type_id, category, name, short_name, attributes, collections) VALUES ('4320233a-a609-41d7-acf4-10038c07a452', 9, 'Isotopanalyse, svovel', '34S/32S', NULL, ',2e4f2455-1b3b-4a04-80a1-ba92715ff613,88b35138-24b5-4e62-bae4-de80fae7df82,8bbdf9b3-56d1-479a-9509-2ea82842e8f8,');
INSERT INTO MUSARK_ANALYSIS.EVENT_TYPE (type_id, category, name, short_name, attributes, collections) VALUES ('34c53969-883f-47ba-bec9-e9bd0f4846ca', 9, 'Isotopanalyser, bly', '210Pb', NULL, ',2e4f2455-1b3b-4a04-80a1-ba92715ff613,88b35138-24b5-4e62-bae4-de80fae7df82,8bbdf9b3-56d1-479a-9509-2ea82842e8f8,');
INSERT INTO MUSARK_ANALYSIS.EVENT_TYPE (type_id, category, name, short_name, attributes, collections) VALUES ('0b8e820f-2ed8-4202-b5f0-1f3725ac118f', 9, 'Isotopanalyser, hydrogen', '2H/1H', NULL, ',2e4f2455-1b3b-4a04-80a1-ba92715ff613,88b35138-24b5-4e62-bae4-de80fae7df82,8bbdf9b3-56d1-479a-9509-2ea82842e8f8,');
INSERT INTO MUSARK_ANALYSIS.EVENT_TYPE (type_id, category, name, short_name, attributes, collections) VALUES ('3856ae35-d886-479f-95a7-30c252a5a3da', 9, 'Isotopanalyser, strontium', '87Sr/86Sr', NULL, ',2e4f2455-1b3b-4a04-80a1-ba92715ff613,88b35138-24b5-4e62-bae4-de80fae7df82,8bbdf9b3-56d1-479a-9509-2ea82842e8f8,');
INSERT INTO MUSARK_ANALYSIS.EVENT_TYPE (type_id, category, name, short_name, attributes, collections) VALUES ('54b8ac3f-376e-4eb8-b610-d41fd631bb7c', 9, 'Isotopanalyser, strontium/neodymium', 'Sr/Nd', NULL, ',2e4f2455-1b3b-4a04-80a1-ba92715ff613,88b35138-24b5-4e62-bae4-de80fae7df82,8bbdf9b3-56d1-479a-9509-2ea82842e8f8,');
INSERT INTO MUSARK_ANALYSIS.EVENT_TYPE (type_id, category, name, short_name, attributes, collections) VALUES ('cc0bc699-baaa-4c68-b8a1-b651717057c9', 10, 'Glødetapsanalyse', 'LOI', NULL, ',2e4f2455-1b3b-4a04-80a1-ba92715ff613,88b35138-24b5-4e62-bae4-de80fae7df82,8bbdf9b3-56d1-479a-9509-2ea82842e8f8,');
INSERT INTO MUSARK_ANALYSIS.EVENT_TYPE (type_id, category, name, short_name, attributes, collections) VALUES ('2ba63b93-827f-495c-83f8-4dec0362aed4', 11, 'frø, frukter, div. planterester', NULL, NULL, ',2e4f2455-1b3b-4a04-80a1-ba92715ff613,88b35138-24b5-4e62-bae4-de80fae7df82,8bbdf9b3-56d1-479a-9509-2ea82842e8f8,fcb4c598-8b05-4095-ac00-ce66247be38a,d0dd5ad3-c22f-4ea0-8b52-dc5b0e17aa24,23ca0166-5f9e-44c2-ab0d-b4cdd704af07,1d8dd4e6-1527-439c-ac86-fc315e0ce852,7352794d-4973-447b-b84e-2635cafe910a,');
INSERT INTO MUSARK_ANALYSIS.EVENT_TYPE (type_id, category, name, short_name, attributes, collections) VALUES ('4becce96-0cf1-47d7-ab41-0f398eb4bd1f', 11, 'Foraminiferer (poredyr)', NULL, NULL, NULL);
INSERT INTO MUSARK_ANALYSIS.EVENT_TYPE (type_id, category, name, short_name, attributes, collections) VALUES ('2627e80e-c112-4be2-ad3e-4fd1bf80f5e7', 11, 'Mollusker, snegler og skjell', NULL, NULL, ',ba3d4d30-810b-4c07-81b3-37751f2196f0,ef4dc066-b6f8-4155-89f8-7aa9aeeb2dc4,');
INSERT INTO MUSARK_ANALYSIS.EVENT_TYPE (type_id, category, name, short_name, attributes, collections) VALUES ('917682f4-32bc-45c8-a5c8-e929bcdb1aff', 11, 'Palaeoentomologi', NULL, NULL, ',fcb4c598-8b05-4095-ac00-ce66247be38a,d0dd5ad3-c22f-4ea0-8b52-dc5b0e17aa24,23ca0166-5f9e-44c2-ab0d-b4cdd704af07,1d8dd4e6-1527-439c-ac86-fc315e0ce852,7352794d-4973-447b-b84e-2635cafe910a,ba3d4d30-810b-4c07-81b3-37751f2196f0,ef4dc066-b6f8-4155-89f8-7aa9aeeb2dc4,');
INSERT INTO MUSARK_ANALYSIS.EVENT_TYPE (type_id, category, name, short_name, attributes, collections) VALUES ('f4ea40da-629c-441f-8895-01d62c7f161a', 12, 'Mikroskopisk trekull', 'Antrax', NULL, ',fcb4c598-8b05-4095-ac00-ce66247be38a,d0dd5ad3-c22f-4ea0-8b52-dc5b0e17aa24,23ca0166-5f9e-44c2-ab0d-b4cdd704af07,1d8dd4e6-1527-439c-ac86-fc315e0ce852,7352794d-4973-447b-b84e-2635cafe910a,');
INSERT INTO MUSARK_ANALYSIS.EVENT_TYPE (type_id, category, name, short_name, attributes, collections) VALUES ('f60c15a7-66e7-40f6-a51b-eace174b1ad0', 12, 'Algeanalyse', NULL, NULL, ',fcb4c598-8b05-4095-ac00-ce66247be38a,d0dd5ad3-c22f-4ea0-8b52-dc5b0e17aa24,23ca0166-5f9e-44c2-ab0d-b4cdd704af07,1d8dd4e6-1527-439c-ac86-fc315e0ce852,7352794d-4973-447b-b84e-2635cafe910a,');
INSERT INTO MUSARK_ANALYSIS.EVENT_TYPE (type_id, category, name, short_name, attributes, collections) VALUES ('ed2cea38-2ea2-4340-b4ee-4c2be1837657', 12, 'Diatomeanalyse (kiselalger)', NULL, NULL, ',fcb4c598-8b05-4095-ac00-ce66247be38a,d0dd5ad3-c22f-4ea0-8b52-dc5b0e17aa24,23ca0166-5f9e-44c2-ab0d-b4cdd704af07,1d8dd4e6-1527-439c-ac86-fc315e0ce852,7352794d-4973-447b-b84e-2635cafe910a,');
INSERT INTO MUSARK_ANALYSIS.EVENT_TYPE (type_id, category, name, short_name, attributes, collections) VALUES ('048f6932-3926-43e0-90a2-7fb7f9485c71', 12, 'Fytolitter (stivelseskorn)', NULL, NULL, ',fcb4c598-8b05-4095-ac00-ce66247be38a,d0dd5ad3-c22f-4ea0-8b52-dc5b0e17aa24,23ca0166-5f9e-44c2-ab0d-b4cdd704af07,1d8dd4e6-1527-439c-ac86-fc315e0ce852,7352794d-4973-447b-b84e-2635cafe910a,');
INSERT INTO MUSARK_ANALYSIS.EVENT_TYPE (type_id, category, name, short_name, attributes, collections) VALUES ('59145616-3f95-477a-bad9-654dd1461d43', 12, 'Pollen-og sporeanalyse', 'P', NULL, ',fcb4c598-8b05-4095-ac00-ce66247be38a,d0dd5ad3-c22f-4ea0-8b52-dc5b0e17aa24,23ca0166-5f9e-44c2-ab0d-b4cdd704af07,1d8dd4e6-1527-439c-ac86-fc315e0ce852,7352794d-4973-447b-b84e-2635cafe910a,');
INSERT INTO MUSARK_ANALYSIS.EVENT_TYPE (type_id, category, name, short_name, attributes, collections) VALUES ('c31d580a-4eda-4628-97fe-e0f573f6ee17', 12, 'Dinoflaggelatanalyse', NULL, NULL, NULL);
INSERT INTO MUSARK_ANALYSIS.EVENT_TYPE (type_id, category, name, short_name, attributes, collections) VALUES ('1c0c1990-65b6-4ed1-b9b8-b7c097d0d88f', 12, 'Non pollen palynomorfer, inkl. soppsporer', 'NPP', NULL, ',fcb4c598-8b05-4095-ac00-ce66247be38a,d0dd5ad3-c22f-4ea0-8b52-dc5b0e17aa24,23ca0166-5f9e-44c2-ab0d-b4cdd704af07,1d8dd4e6-1527-439c-ac86-fc315e0ce852,7352794d-4973-447b-b84e-2635cafe910a,');
INSERT INTO MUSARK_ANALYSIS.EVENT_TYPE (type_id, category, name, short_name, attributes, collections) VALUES ('55e280c9-fbe4-419e-ac16-79ed7560f83c', 13, 'Metallografi', NULL, NULL, ',2e4f2455-1b3b-4a04-80a1-ba92715ff613,88b35138-24b5-4e62-bae4-de80fae7df82,8bbdf9b3-56d1-479a-9509-2ea82842e8f8,');
INSERT INTO MUSARK_ANALYSIS.EVENT_TYPE (type_id, category, name, short_name, attributes, collections) VALUES ('e0c8deb9-b840-40e6-8bac-263e3ba28fe6', 13, 'Sperm morfologi', NULL, NULL, ',ba3d4d30-810b-4c07-81b3-37751f2196f0,ef4dc066-b6f8-4155-89f8-7aa9aeeb2dc4,');
INSERT INTO MUSARK_ANALYSIS.EVENT_TYPE (type_id, category, name, short_name, attributes, collections) VALUES ('abc711ff-9ad5-4921-a00e-1f8762f1e637', 13, 'Målinger, tellinger m.m.', NULL, NULL, NULL);
INSERT INTO MUSARK_ANALYSIS.EVENT_TYPE (type_id, category, name, short_name, attributes, collections) VALUES ('882755a6-dc2f-448c-b0e6-fdfe8c74dc69', 13, 'Sporemålinger', NULL, NULL, ',fcb4c598-8b05-4095-ac00-ce66247be38a,d0dd5ad3-c22f-4ea0-8b52-dc5b0e17aa24,23ca0166-5f9e-44c2-ab0d-b4cdd704af07,1d8dd4e6-1527-439c-ac86-fc315e0ce852,7352794d-4973-447b-b84e-2635cafe910a,');
INSERT INTO MUSARK_ANALYSIS.EVENT_TYPE (type_id, category, name, short_name, attributes, collections) VALUES ('5bbf9ca8-7293-4767-8d6b-03f6d60aff60', 14, 'Skjelettanalyse, dyrebein', NULL, NULL, ',ba3d4d30-810b-4c07-81b3-37751f2196f0,ef4dc066-b6f8-4155-89f8-7aa9aeeb2dc4,2e4f2455-1b3b-4a04-80a1-ba92715ff613,88b35138-24b5-4e62-bae4-de80fae7df82,8bbdf9b3-56d1-479a-9509-2ea82842e8f8,');
INSERT INTO MUSARK_ANALYSIS.EVENT_TYPE (type_id, category, name, short_name, attributes, collections) VALUES ('fbbece62-891d-476f-b5ae-5bec0bbe99be', 14, 'Skjelettanalyse, menneske', NULL, NULL, ',ba3d4d30-810b-4c07-81b3-37751f2196f0,ef4dc066-b6f8-4155-89f8-7aa9aeeb2dc4,2e4f2455-1b3b-4a04-80a1-ba92715ff613,88b35138-24b5-4e62-bae4-de80fae7df82,8bbdf9b3-56d1-479a-9509-2ea82842e8f8,');
INSERT INTO MUSARK_ANALYSIS.EVENT_TYPE (type_id, category, name, short_name, attributes, collections) VALUES ('1ed31a2f-2f32-44cf-950a-dbd42f2a4313', 15, 'Enzymelektroforese', NULL, NULL, ',fcb4c598-8b05-4095-ac00-ce66247be38a,d0dd5ad3-c22f-4ea0-8b52-dc5b0e17aa24,23ca0166-5f9e-44c2-ab0d-b4cdd704af07,1d8dd4e6-1527-439c-ac86-fc315e0ce852,7352794d-4973-447b-b84e-2635cafe910a,');
INSERT INTO MUSARK_ANALYSIS.EVENT_TYPE (type_id, category, name, short_name, attributes, collections) VALUES ('79661550-0bda-4406-be5c-43e1104647f3', 15, 'Isoenzymanalyse', NULL, NULL, ',fcb4c598-8b05-4095-ac00-ce66247be38a,d0dd5ad3-c22f-4ea0-8b52-dc5b0e17aa24,23ca0166-5f9e-44c2-ab0d-b4cdd704af07,1d8dd4e6-1527-439c-ac86-fc315e0ce852,7352794d-4973-447b-b84e-2635cafe910a,');
INSERT INTO MUSARK_ANALYSIS.EVENT_TYPE (type_id, category, name, short_name, attributes, collections) VALUES ('d6515e89-2fbe-4346-be6f-7fc9980095bd', 15, 'Proteinanalyse', NULL, NULL, ',ba3d4d30-810b-4c07-81b3-37751f2196f0,ef4dc066-b6f8-4155-89f8-7aa9aeeb2dc4,2e4f2455-1b3b-4a04-80a1-ba92715ff613,88b35138-24b5-4e62-bae4-de80fae7df82,8bbdf9b3-56d1-479a-9509-2ea82842e8f8,');
INSERT INTO MUSARK_ANALYSIS.EVENT_TYPE (type_id, category, name, short_name, attributes, collections) VALUES ('a88b249c-6839-46e0-b06c-91889a6529a7', 16, 'Geotekniske analyser', NULL, NULL, ',2e4f2455-1b3b-4a04-80a1-ba92715ff613,88b35138-24b5-4e62-bae4-de80fae7df82,8bbdf9b3-56d1-479a-9509-2ea82842e8f8,');
INSERT INTO MUSARK_ANALYSIS.EVENT_TYPE (type_id, category, name, short_name, attributes, collections) VALUES ('34094c6b-b65a-407c-aa4b-1d7cfe097488', 16, 'Kornfordelingsanalyse med Coulter laser partikkelteller', NULL, NULL, NULL);
INSERT INTO MUSARK_ANALYSIS.EVENT_TYPE (type_id, category, name, short_name, attributes, collections) VALUES ('1b587755-0cfa-48ca-8626-a13912a43c14', 16, 'Ledningsevne for jordprøver etter oppslemming i vann', NULL, NULL, ',2e4f2455-1b3b-4a04-80a1-ba92715ff613,88b35138-24b5-4e62-bae4-de80fae7df82,8bbdf9b3-56d1-479a-9509-2ea82842e8f8,');
INSERT INTO MUSARK_ANALYSIS.EVENT_TYPE (type_id, category, name, short_name, attributes, collections) VALUES ('a25f1d48-22df-4bb1-bb4c-75753cd1c3ca', 16, 'Mineralseparasjon', NULL, NULL, NULL);
INSERT INTO MUSARK_ANALYSIS.EVENT_TYPE (type_id, category, name, short_name, attributes, collections) VALUES ('231a565a-15cc-4dcd-93e4-4922bc8d328e', 16, 'Tephraanalyse (microprobe)', NULL, NULL, ',2e4f2455-1b3b-4a04-80a1-ba92715ff613,88b35138-24b5-4e62-bae4-de80fae7df82,8bbdf9b3-56d1-479a-9509-2ea82842e8f8,fcb4c598-8b05-4095-ac00-ce66247be38a,d0dd5ad3-c22f-4ea0-8b52-dc5b0e17aa24,23ca0166-5f9e-44c2-ab0d-b4cdd704af07,1d8dd4e6-1527-439c-ac86-fc315e0ce852,7352794d-4973-447b-b84e-2635cafe910a,');
INSERT INTO MUSARK_ANALYSIS.EVENT_TYPE (type_id, category, name, short_name, attributes, collections) VALUES ('bc901e06-b517-44d4-8f15-86e3ecd70e12', 16, 'Fosfatanalyse', 'Cit-P', NULL, ',2e4f2455-1b3b-4a04-80a1-ba92715ff613,88b35138-24b5-4e62-bae4-de80fae7df82,8bbdf9b3-56d1-479a-9509-2ea82842e8f8,fcb4c598-8b05-4095-ac00-ce66247be38a,d0dd5ad3-c22f-4ea0-8b52-dc5b0e17aa24,23ca0166-5f9e-44c2-ab0d-b4cdd704af07,1d8dd4e6-1527-439c-ac86-fc315e0ce852,7352794d-4973-447b-b84e-2635cafe910a,');
INSERT INTO MUSARK_ANALYSIS.EVENT_TYPE (type_id, category, name, short_name, attributes, collections) VALUES ('a16da6e1-a2f8-4cc3-bdce-115315958027', 16, 'Jordmikromorfologi', NULL, NULL, ',2e4f2455-1b3b-4a04-80a1-ba92715ff613,88b35138-24b5-4e62-bae4-de80fae7df82,8bbdf9b3-56d1-479a-9509-2ea82842e8f8,fcb4c598-8b05-4095-ac00-ce66247be38a,d0dd5ad3-c22f-4ea0-8b52-dc5b0e17aa24,23ca0166-5f9e-44c2-ab0d-b4cdd704af07,1d8dd4e6-1527-439c-ac86-fc315e0ce852,7352794d-4973-447b-b84e-2635cafe910a,');
INSERT INTO MUSARK_ANALYSIS.EVENT_TYPE (type_id, category, name, short_name, attributes, collections) VALUES ('2ce40edc-d9df-4e18-8d4a-ae2f3faeac02', 16, 'Kornfordelingsanalyse: Tørr-/våtsikting', NULL, NULL, ',2e4f2455-1b3b-4a04-80a1-ba92715ff613,88b35138-24b5-4e62-bae4-de80fae7df82,8bbdf9b3-56d1-479a-9509-2ea82842e8f8,fcb4c598-8b05-4095-ac00-ce66247be38a,d0dd5ad3-c22f-4ea0-8b52-dc5b0e17aa24,23ca0166-5f9e-44c2-ab0d-b4cdd704af07,1d8dd4e6-1527-439c-ac86-fc315e0ce852,7352794d-4973-447b-b84e-2635cafe910a,');
INSERT INTO MUSARK_ANALYSIS.EVENT_TYPE (type_id, category, name, short_name, attributes, collections) VALUES ('5f06f6be-52ed-47db-9683-d66a8319f259', 16, 'Magnetisk suseptibilitet', 'MSc', NULL, ',2e4f2455-1b3b-4a04-80a1-ba92715ff613,88b35138-24b5-4e62-bae4-de80fae7df82,8bbdf9b3-56d1-479a-9509-2ea82842e8f8,fcb4c598-8b05-4095-ac00-ce66247be38a,d0dd5ad3-c22f-4ea0-8b52-dc5b0e17aa24,23ca0166-5f9e-44c2-ab0d-b4cdd704af07,1d8dd4e6-1527-439c-ac86-fc315e0ce852,7352794d-4973-447b-b84e-2635cafe910a,');
INSERT INTO MUSARK_ANALYSIS.EVENT_TYPE (type_id, category, name, short_name, attributes, collections) VALUES ('ae57018f-1bc0-4beb-ba42-1c68ccd1b283', 16, 'Teksturanalyse (rundingsanalyse, kornform)', NULL, NULL, ',2e4f2455-1b3b-4a04-80a1-ba92715ff613,88b35138-24b5-4e62-bae4-de80fae7df82,8bbdf9b3-56d1-479a-9509-2ea82842e8f8,');
INSERT INTO MUSARK_ANALYSIS.EVENT_TYPE (type_id, category, name, short_name, attributes, collections) VALUES ('b82d06f1-b56a-4cdb-ae34-145fd88fe1ff', 17, 'Fargereaksjoner', NULL, NULL, ',fcb4c598-8b05-4095-ac00-ce66247be38a,d0dd5ad3-c22f-4ea0-8b52-dc5b0e17aa24,23ca0166-5f9e-44c2-ab0d-b4cdd704af07,1d8dd4e6-1527-439c-ac86-fc315e0ce852,7352794d-4973-447b-b84e-2635cafe910a,');
INSERT INTO MUSARK_ANALYSIS.EVENT_TYPE (type_id, category, name, short_name, attributes, collections) VALUES ('58235176-5795-4cb9-9071-87ec638ede27', 17, 'Lysreaksjoner', NULL, NULL, ',fcb4c598-8b05-4095-ac00-ce66247be38a,d0dd5ad3-c22f-4ea0-8b52-dc5b0e17aa24,23ca0166-5f9e-44c2-ab0d-b4cdd704af07,1d8dd4e6-1527-439c-ac86-fc315e0ce852,7352794d-4973-447b-b84e-2635cafe910a,');
INSERT INTO MUSARK_ANALYSIS.EVENT_TYPE (type_id, category, name, short_name, attributes, collections) VALUES ('5efba732-c6d6-4386-acb8-79df0c51144a', 17, 'Tynnsjiktkromatografi', 'TLC', NULL, ',fcb4c598-8b05-4095-ac00-ce66247be38a,d0dd5ad3-c22f-4ea0-8b52-dc5b0e17aa24,23ca0166-5f9e-44c2-ab0d-b4cdd704af07,1d8dd4e6-1527-439c-ac86-fc315e0ce852,7352794d-4973-447b-b84e-2635cafe910a,');
INSERT INTO MUSARK_ANALYSIS.EVENT_TYPE (type_id, category, name, short_name, attributes, collections) VALUES ('13c77021-9d2a-4636-966c-14d211dc3ae5', 18, 'Tekstil- og fiberanalyse', NULL, NULL, ',2e4f2455-1b3b-4a04-80a1-ba92715ff613,88b35138-24b5-4e62-bae4-de80fae7df82,8bbdf9b3-56d1-479a-9509-2ea82842e8f8,');
INSERT INTO MUSARK_ANALYSIS.EVENT_TYPE (type_id, category, name, short_name, attributes, collections) VALUES ('139e022d-1232-4337-8865-fe6e3d6d1ee9', 18, 'Tynnsjiktkromatografi', 'TLC', NULL, ',2e4f2455-1b3b-4a04-80a1-ba92715ff613,88b35138-24b5-4e62-bae4-de80fae7df82,8bbdf9b3-56d1-479a-9509-2ea82842e8f8,');
INSERT INTO MUSARK_ANALYSIS.EVENT_TYPE (type_id, category, name, short_name, attributes, collections) VALUES ('dfba46d6-875a-48c6-a431-a246e8db6df9', 19, 'Slitesporanalyse', NULL, NULL, ',2e4f2455-1b3b-4a04-80a1-ba92715ff613,88b35138-24b5-4e62-bae4-de80fae7df82,8bbdf9b3-56d1-479a-9509-2ea82842e8f8,');
INSERT INTO MUSARK_ANALYSIS.EVENT_TYPE (type_id, category, name, short_name, attributes, collections) VALUES ('e7907040-49d5-4ae5-bb30-4c5f6cf4f956', 20, 'Analyse av sperm motilitet vha. CASA', 'CASA', NULL, ',ba3d4d30-810b-4c07-81b3-37751f2196f0,ef4dc066-b6f8-4155-89f8-7aa9aeeb2dc4,');
INSERT INTO MUSARK_ANALYSIS.EVENT_TYPE (type_id, category, name, short_name, attributes, collections) VALUES ('75a8ce01-04a2-4e1c-8f23-e87fe4fbf0f8', 21, 'forkullet/uforkullet ved', NULL, NULL, ',2e4f2455-1b3b-4a04-80a1-ba92715ff613,88b35138-24b5-4e62-bae4-de80fae7df82,8bbdf9b3-56d1-479a-9509-2ea82842e8f8,fcb4c598-8b05-4095-ac00-ce66247be38a,d0dd5ad3-c22f-4ea0-8b52-dc5b0e17aa24,23ca0166-5f9e-44c2-ab0d-b4cdd704af07,1d8dd4e6-1527-439c-ac86-fc315e0ce852,7352794d-4973-447b-b84e-2635cafe910a,');

-- object roles
INSERT INTO musark_storage.role (name, data_type) VALUES ('DoneWith', 'object');
INSERT INTO musark_storage.role (name, data_type) VALUES ('DoneBy', 'actor');
INSERT INTO musark_storage.role (name, data_type) VALUES ('toPlace', 'storageNode');
INSERT INTO musark_storage.role (name, data_type) VALUES ('fromPlace', 'storageNode');

-- ===========================================================================
-- Inserting test data
-- ===========================================================================

INSERT INTO musark_storage.storage_node (storage_node_uuid, storage_node_name, is_storage_unit, is_part_of, is_deleted, storage_type, node_path, museum_id, updated_by, updated_date) VALUES ('dca44956-40d0-48dc-bd0d-921b825ad019', 'Utviklingsmuseet', '1', NULL, 0, 'Root', ',1,', 99, '896125d3-0563-46b6-a7c5-51f3f899ff0a', TO_DATE('2016-01-01 00:00:00', 'YYYY-MM-DD HH24:MI:SS'));
INSERT INTO musark_storage.storage_node (storage_node_uuid, storage_node_name, is_storage_unit, is_part_of, is_deleted, storage_type, node_path, museum_id, updated_by, updated_date) VALUES ('b56b654a-6de3-442f-97af-ca6d806cc5a6', 'Utenfor museet', '1', NULL, 0, 'RootLoan', ',2,', 99, '896125d3-0563-46b6-a7c5-51f3f899ff0a', TO_DATE('2016-01-01 00:00:00', 'YYYY-MM-DD HH24:MI:SS'));
INSERT INTO musark_storage.storage_node (storage_node_uuid, storage_node_name, is_storage_unit, is_part_of, is_deleted, storage_type, node_path, museum_id, updated_by, updated_date) VALUES ('d3982b48-56c7-4d27-bc81-6e38b59d57ed', 'Utviklingsmuseet Org', '1', 1, 0, 'Organisation', ',1,3,', 99, 'd63ab290-2fab-42d2-9b57-2475dfbd0b3c', TO_DATE('2016-01-01 00:00:00', 'YYYY-MM-DD HH24:MI:SS'));
INSERT INTO musark_storage.storage_node (storage_node_uuid, storage_node_name, is_storage_unit, is_part_of, is_deleted, storage_type, node_path, museum_id, updated_by, updated_date) VALUES ('3562e09e-6cf4-4b27-acad-e655e771c016', 'Forskningens hus', '1', 3, 0, 'Building', ',1,3,4,', 99, 'd63ab290-2fab-42d2-9b57-2475dfbd0b3c', TO_DATE('2016-01-01 00:00:00', 'YYYY-MM-DD HH24:MI:SS'));
INSERT INTO musark_storage.storage_node (storage_node_uuid, storage_node_name, is_storage_unit, is_part_of, is_deleted, storage_type, node_path, museum_id, updated_by, updated_date) VALUES ('01134afe-b262-434b-a71f-8f697bc75e56', 'Kulturværelset', '1', 4, 0, 'Room', ',1,3,4,5,', 99, 'd63ab290-2fab-42d2-9b57-2475dfbd0b3c', TO_DATE('2016-01-01 00:00:00', 'YYYY-MM-DD HH24:MI:SS'));
INSERT INTO musark_storage.storage_node (storage_node_uuid, storage_node_name, is_storage_unit, is_part_of, is_deleted, storage_type, node_path, museum_id, updated_by, updated_date) VALUES ('244f09a3-eb1a-49e7-80ee-7a07baa016dd', 'Naturværelset', '1', 4, 0, 'Room', ',1,3,4,6,', 99, 'd63ab290-2fab-42d2-9b57-2475dfbd0b3c', TO_DATE('2016-01-01 00:00:00', 'YYYY-MM-DD HH24:MI:SS'));
INSERT INTO musark_storage.storage_node (storage_node_uuid, storage_node_name, is_storage_unit, is_part_of, is_deleted, storage_type, node_path, museum_id, updated_by, updated_date) VALUES ('6e5b9810-9bbf-464a-a0b9-c27f6095ba0c', 'Forskningsværelset', '1', 4, 0, 'Room', ',1,3,4,7,', 99, 'd63ab290-2fab-42d2-9b57-2475dfbd0b3c', TO_DATE('2016-01-01 00:00:00', 'YYYY-MM-DD HH24:MI:SS'));

INSERT INTO musark_storage.organisation (storage_node_id, postal_address) VALUES (3, NULL);
INSERT INTO musark_storage.building (storage_node_id, postal_address) VALUES (4, NULL);
INSERT INTO musark_storage.room (storage_node_id, perimeter_security, theft_protection, fire_protection, water_damage_assessment, routines_and_contingency_plan, relative_humidity, temperature_assessment, lighting_condition, preventive_conservation) VALUES (5, NULL, NULL, NULL, NULL, NULL, NULL, NULL, NULL, NULL);
INSERT INTO musark_storage.room (storage_node_id, perimeter_security, theft_protection, fire_protection, water_damage_assessment, routines_and_contingency_plan, relative_humidity, temperature_assessment, lighting_condition, preventive_conservation) VALUES (6, NULL, NULL, NULL, NULL, NULL, NULL, NULL, NULL, NULL);
INSERT INTO musark_storage.room (storage_node_id, perimeter_security, theft_protection, fire_protection, water_damage_assessment, routines_and_contingency_plan, relative_humidity, temperature_assessment, lighting_condition, preventive_conservation) VALUES (7, NULL, NULL, NULL, NULL, NULL, NULL, NULL, NULL, NULL);

-- Inserting default test users for the test museum
INSERT INTO musit_mapping.actor (actorname, dataporten_uuid, museum_id, application_uuid) VALUES ('Gjestebruker', '1a17c60c-755d-4d88-9449-12bbd5abe5e2', 99, '46e7d0fb-ca34-4603-b9c7-04aaaddffb72');
INSERT INTO musit_mapping.actor (actorname, dataporten_uuid, museum_id, application_uuid) VALUES ('Normalbruker', '3655615b-e385-4833-b414-9957ea225e58', 99, '1cfa0dd9-2515-4726-9ae9-d592f7090d4c');
INSERT INTO musit_mapping.actor (actorname, dataporten_uuid, museum_id, application_uuid) VALUES ('Super Duper User', '896125d3-0563-46b6-a7c5-51f3f899ff0a', 99, '9d7e4cdf-3a7a-47ed-aa4b-a70b847e7d7f');
INSERT INTO musit_mapping.actor (actorname, dataporten_uuid, museum_id, application_uuid) VALUES ('Stein A. Olsen', '34e74d46-d45c-49dc-ace7-587b0ff40646', 99, '450f20cc-17c5-4d9f-8d78-fbd5acdcc84a');
INSERT INTO musit_mapping.actor (actorname, dataporten_uuid, museum_id, application_uuid) VALUES ('Fake Musit Test User', '8efd41bb-bc58-4bbf-ac95-eea21ba9db81', 99, '5f5d3fc9-13b9-44c8-b4c6-fcee2d46b687');
INSERT INTO musit_mapping.actor (actorname, dataporten_uuid, museum_id, application_uuid) VALUES ('Dawn Williams', 'dd457c4e-668e-41c5-8820-168f816a531b', 99, 'ea8a9ce3-69fb-43c0-b5e4-90f7ec4444ef');
INSERT INTO musit_mapping.actor (actorname, dataporten_uuid, museum_id, application_uuid) VALUES ('Espen Uleberg', 'ca04b20e-5094-4b02-8b72-05ec629e7cb4', 99, '8fe8acbc-9391-453f-9973-c949d3323964');
INSERT INTO musit_mapping.actor (actorname, dataporten_uuid, museum_id, application_uuid) VALUES ('Heini Emilia Rämä', '54c2e6f8-53f6-46be-b029-6f01b4b97231', 99, '967ff75d-5bac-49e2-8bb8-fe81713367e7');
INSERT INTO musit_mapping.actor (actorname, dataporten_uuid, museum_id, application_uuid) VALUES ('Karstein Hårsaker', '71899f45-08da-48ef-b4c3-0f519d27157f', 99, 'b388e077-ace1-4d91-843e-7575fa1a24ab');
INSERT INTO musit_mapping.actor (actorname, dataporten_uuid, museum_id, application_uuid) VALUES ('Marielle Bergh', '064c9dff-9956-4f4e-b3f7-ed77b6e5bc62', 99, 'f35f603a-1231-4b20-b4d6-234b992135a1');
INSERT INTO musit_mapping.actor (actorname, dataporten_uuid, museum_id, application_uuid) VALUES ('Wenche Brun', 'e5bc8090-705d-40be-bcfa-2b351e7f2339', 99, 'acecdc06-ceb6-49f7-8d3d-1191c5bdbf04');
INSERT INTO musit_mapping.actor (actorname, dataporten_uuid, museum_id, application_uuid) VALUES ('Susan Matland', '6eb49c1b-82c7-478b-85e4-9d69d5a50057', 99, 'd848b866-b6bb-4da1-ab2c-429f8bbbb9c7');
INSERT INTO musit_mapping.actor (actorname, dataporten_uuid, museum_id, application_uuid) VALUES ('Kjell Gunnar Mobekk', '86626c72-2da2-4fa5-969b-8226a4141dcf', 99, '409aa92d-957f-4d9f-8192-2b1c34f0df10');
INSERT INTO musit_mapping.actor (actorname, dataporten_uuid, museum_id, application_uuid) VALUES ('Line Arild Sjo', '4acad74e-eb4d-4632-be84-7ada5fef1074', 99, '1bd9e24d-d800-455e-820e-a93a1bc71ff3');

INSERT INTO musark_storage.local_object (object_id, latest_move_id, current_location_id, museum_id) VALUES (1, 9999, 5, 99);
INSERT INTO musark_storage.local_object (object_id, latest_move_id, current_location_id, museum_id) VALUES (2, 9999, 5, 99);
INSERT INTO musark_storage.local_object (object_id, latest_move_id, current_location_id, museum_id) VALUES (3, 9999, 5, 99);
INSERT INTO musark_storage.local_object (object_id, latest_move_id, current_location_id, museum_id) VALUES (4, 9999, 5, 99);
INSERT INTO musark_storage.local_object (object_id, latest_move_id, current_location_id, museum_id) VALUES (5, 9999, 6, 99);
INSERT INTO musark_storage.local_object (object_id, latest_move_id, current_location_id, museum_id) VALUES (6, 9999, 6, 99);
INSERT INTO musark_storage.local_object (object_id, latest_move_id, current_location_id, museum_id) VALUES (7, 9999, 6, 99);
INSERT INTO musark_storage.local_object (object_id, latest_move_id, current_location_id, museum_id) VALUES (8, 9999, 6, 99);
INSERT INTO musark_storage.local_object (object_id, latest_move_id, current_location_id, museum_id) VALUES (9, 9999, 6, 99);
INSERT INTO musark_storage.local_object (object_id, latest_move_id, current_location_id, museum_id) VALUES (10, 9999, 7, 99);
INSERT INTO musark_storage.local_object (object_id, latest_move_id, current_location_id, museum_id) VALUES (11, 9999, 7, 99);
INSERT INTO musark_storage.local_object (object_id, latest_move_id, current_location_id, museum_id) VALUES (12, 9999, 7, 99);
INSERT INTO musark_storage.local_object (object_id, latest_move_id, current_location_id, museum_id) VALUES (13, 9999, 7, 99);
INSERT INTO musark_storage.local_object (object_id, latest_move_id, current_location_id, museum_id) VALUES (14, 9999, 7, 99);
INSERT INTO musark_storage.local_object (object_id, latest_move_id, current_location_id, museum_id) VALUES (15, 9999, 7, 99);
INSERT INTO musark_storage.local_object (object_id, latest_move_id, current_location_id, museum_id) VALUES (16, 9999, 1, 99);
INSERT INTO musark_storage.local_object (object_id, latest_move_id, current_location_id, museum_id) VALUES (17, 9999, 1, 99);
INSERT INTO musark_storage.local_object (object_id, latest_move_id, current_location_id, museum_id) VALUES (18, 9999, 1, 99);
INSERT INTO musark_storage.local_object (object_id, latest_move_id, current_location_id, museum_id) VALUES (19, 9999, 1, 99);
INSERT INTO musark_storage.local_object (object_id, latest_move_id, current_location_id, museum_id) VALUES (20, 9999, 1, 99);
INSERT INTO musark_storage.local_object (object_id, latest_move_id, current_location_id, museum_id) VALUES (21, 9999, 1, 99);
INSERT INTO musark_storage.local_object (object_id, latest_move_id, current_location_id, museum_id) VALUES (22, 9999, 1, 99);
INSERT INTO musark_storage.local_object (object_id, latest_move_id, current_location_id, museum_id) VALUES (23, 9999, 1, 99);
INSERT INTO musark_storage.local_object (object_id, latest_move_id, current_location_id, museum_id) VALUES (24, 9999, 1, 99);
INSERT INTO musark_storage.local_object (object_id, latest_move_id, current_location_id, museum_id) VALUES (25, 9999, 1, 99);
INSERT INTO musark_storage.local_object (object_id, latest_move_id, current_location_id, museum_id) VALUES (26, 9999, 1, 99);
INSERT INTO musark_storage.local_object (object_id, latest_move_id, current_location_id, museum_id) VALUES (27, 9999, 1, 99);
INSERT INTO musark_storage.local_object (object_id, latest_move_id, current_location_id, museum_id) VALUES (28, 9999, 1, 99);
INSERT INTO musark_storage.local_object (object_id, latest_move_id, current_location_id, museum_id) VALUES (29, 9999, 1, 99);
INSERT INTO musark_storage.local_object (object_id, latest_move_id, current_location_id, museum_id) VALUES (30, 9999, 1, 99);
INSERT INTO musark_storage.local_object (object_id, latest_move_id, current_location_id, museum_id) VALUES (31, 9999, 1, 99);
INSERT INTO musark_storage.local_object (object_id, latest_move_id, current_location_id, museum_id) VALUES (32, 9999, 1, 99);
INSERT INTO musark_storage.local_object (object_id, latest_move_id, current_location_id, museum_id) VALUES (33, 9999, 1, 99);
INSERT INTO musark_storage.local_object (object_id, latest_move_id, current_location_id, museum_id) VALUES (34, 9999, 1, 99);
INSERT INTO musark_storage.local_object (object_id, latest_move_id, current_location_id, museum_id) VALUES (35, 9999, 1, 99);
INSERT INTO musark_storage.local_object (object_id, latest_move_id, current_location_id, museum_id) VALUES (36, 9999, 1, 99);
INSERT INTO musark_storage.local_object (object_id, latest_move_id, current_location_id, museum_id) VALUES (37, 9999, 1, 99);
INSERT INTO musark_storage.local_object (object_id, latest_move_id, current_location_id, museum_id) VALUES (38, 9999, 1, 99);
INSERT INTO musark_storage.local_object (object_id, latest_move_id, current_location_id, museum_id) VALUES (39, 9999, 1, 99);
INSERT INTO musark_storage.local_object (object_id, latest_move_id, current_location_id, museum_id) VALUES (40, 9999, 1, 99);
INSERT INTO musark_storage.local_object (object_id, latest_move_id, current_location_id, museum_id) VALUES (41, 9999, 1, 99);
INSERT INTO musark_storage.local_object (object_id, latest_move_id, current_location_id, museum_id) VALUES (42, 9999, 1, 99);
INSERT INTO musark_storage.local_object (object_id, latest_move_id, current_location_id, museum_id) VALUES (43, 9999, 1, 99);
INSERT INTO musark_storage.local_object (object_id, latest_move_id, current_location_id, museum_id) VALUES (44, 9999, 1, 99);
INSERT INTO musark_storage.local_object (object_id, latest_move_id, current_location_id, museum_id) VALUES (45, 9999, 1, 99);
INSERT INTO musark_storage.local_object (object_id, latest_move_id, current_location_id, museum_id) VALUES (46, 9999, 1, 99);
INSERT INTO musark_storage.local_object (object_id, latest_move_id, current_location_id, museum_id) VALUES (47, 9999, 1, 99);
INSERT INTO musark_storage.local_object (object_id, latest_move_id, current_location_id, museum_id) VALUES (48, 9999, 1, 99);
INSERT INTO musark_storage.local_object (object_id, latest_move_id, current_location_id, museum_id) VALUES (49, 9999, 1, 99);
INSERT INTO musark_storage.local_object (object_id, latest_move_id, current_location_id, museum_id) VALUES (50, 9999, 1, 99);
INSERT INTO musark_storage.local_object (object_id, latest_move_id, current_location_id, museum_id) VALUES (51, 9999, 1, 99);
INSERT INTO musark_storage.local_object (object_id, latest_move_id, current_location_id, museum_id) VALUES (52, 9999, 1, 99);
INSERT INTO musark_storage.local_object (object_id, latest_move_id, current_location_id, museum_id) VALUES (53, 9999, 1, 99);
INSERT INTO musark_storage.local_object (object_id, latest_move_id, current_location_id, museum_id) VALUES (54, 9999, 1, 99);
INSERT INTO musark_storage.local_object (object_id, latest_move_id, current_location_id, museum_id) VALUES (55, 9999, 1, 99);

INSERT INTO musit_mapping.musitthing (musitthing_uuid, object_id, museumno, subno, term, museumnoasnumber, subnoasnumber, museumid, old_schemaname, new_collection_id, mainObject_id) VALUES ('ad1b5287-0168-4343-b3df-a477de113bee', 1, 'MusK58', '1', 'Rar dings', 58, 1, 99, 'USD_ARK_GJENSTAND_O', 1, 1);
INSERT INTO musit_mapping.musitthing (musitthing_uuid, object_id, museumno, subno, term, museumnoasnumber, subnoasnumber, museumid, old_schemaname, new_collection_id, mainObject_id) VALUES ('adea8141-8099-4f67-bff9-ea5090e18335', 2, 'MusK58', '2', 'Mansjettknapp', 58, 2, 99, 'USD_ARK_GJENSTAND_O', 1, 1);
INSERT INTO musit_mapping.musitthing (musitthing_uuid, object_id, museumno, subno, term, museumnoasnumber, subnoasnumber, museumid, old_schemaname, new_collection_id, mainObject_id) VALUES ('798181c9-a6d9-46d7-8d71-b39d4f3e0c96', 3, 'MusK58', '3', 'Spenne', 58, 3, 99, 'USD_ARK_GJENSTAND_O', 1, 1);
INSERT INTO musit_mapping.musitthing (musitthing_uuid, object_id, museumno, subno, term, museumnoasnumber, subnoasnumber, museumid, old_schemaname, new_collection_id, mainObject_id) VALUES ('e1f5efa5-4c91-4c5d-83a7-280c6d2f0e05', 4, 'MusK58', '4', 'Briller', 58, 4, 99, 'USD_ARK_GJENSTAND_O', 1, 1);
INSERT INTO musit_mapping.musitthing (musitthing_uuid, object_id, museumno, subno, term, museumnoasnumber, subnoasnumber, museumid, old_schemaname, new_collection_id) VALUES                ('ea8d4eb5-4289-4a51-9dcd-559a98a3476e', 5, 'MusN36', '1', 'Husflue', 36, 1, 99, 'MUSIT_BOTANIKK_ENTOMOLOGI', 2);
INSERT INTO musit_mapping.musitthing (musitthing_uuid, object_id, museumno, subno, term, museumnoasnumber, subnoasnumber, museumid, old_schemaname, new_collection_id) VALUES                ('7a5822c4-2eee-4de2-b99c-9d70ff035794', 6, 'MusN45', NULL, 'Dyngebille', 45, NULL, 99, 'MUSIT_BOTANIKK_ENTOMOLOGI', 2);
INSERT INTO musit_mapping.musitthing (musitthing_uuid, object_id, museumno, subno, term, museumnoasnumber, subnoasnumber, museumid, old_schemaname, new_collection_id) VALUES                ('b20a115d-060a-4c1d-9637-854b2a5bfd20', 7, 'MusN36', '2', 'Spyflue', 36, 2, 99, 'MUSIT_BOTANIKK_ENTOMOLOGI', 2);
INSERT INTO musit_mapping.musitthing (musitthing_uuid, object_id, museumno, subno, term, museumnoasnumber, subnoasnumber, museumid, old_schemaname, new_collection_id) VALUES                ('41be3c71-a71b-486d-a265-c3a92672f4cf', 8, 'MusN37', NULL, 'Bendelorm', 37, NULL, 99, 'MUSIT_BOTANIKK_ENTOMOLOGI', 2);
INSERT INTO musit_mapping.musitthing (musitthing_uuid, object_id, museumno, subno, term, museumnoasnumber, subnoasnumber, museumid, old_schemaname, new_collection_id) VALUES                ('1c9c91f5-127a-4baf-8c0e-ed37d53f944b', 9, 'MusN28', NULL, 'Tusenben', 28, NULL, 99, 'MUSIT_BOTANIKK_ENTOMOLOGI', 2);
INSERT INTO musit_mapping.musitthing (musitthing_uuid, object_id, museumno, subno, term, museumnoasnumber, subnoasnumber, museumid, old_schemaname, new_collection_id) VALUES                ('4e7c4cb8-813c-4957-a066-bc48949d191f', 10, 'MusK400', NULL, 'Brynje', 400, NULL, 99, 'USD_ARK_GJENSTAND_O', 1);
INSERT INTO musit_mapping.musitthing (musitthing_uuid, object_id, museumno, subno, term, museumnoasnumber, subnoasnumber, museumid, old_schemaname, new_collection_id) VALUES                ('474b7e57-bd9f-4ae0-a817-149bb9b3f2b5', 11, 'MusN337', NULL, 'Sommerfulgvinge', 337, NULL, 99, 'MUSIT_BOTANIKK_ENTOMOLOGI', 2);
INSERT INTO musit_mapping.musitthing (musitthing_uuid, object_id, museumno, subno, term, museumnoasnumber, subnoasnumber, museumid, old_schemaname, new_collection_id) VALUES                ('b087d71b-402b-4f8a-9c3d-e7c25c07d9a2', 12, 'MusN77', NULL, 'Lavastein', 77, NULL, 99, 'USD_ARK_GJENSTAND_O', 1);
INSERT INTO musit_mapping.musitthing (musitthing_uuid, object_id, museumno, subno, term, museumnoasnumber, subnoasnumber, museumid, old_schemaname, new_collection_id) VALUES                ('43f07251-7e24-4768-8618-aa500b7c21a6', 13, 'MusK43', NULL, 'Krakk', 43, NULL, 99, 'USD_ARK_GJENSTAND_O', 1);
INSERT INTO musit_mapping.musitthing (musitthing_uuid, object_id, museumno, subno, term, museumnoasnumber, subnoasnumber, museumid, old_schemaname, new_collection_id) VALUES                ('a982bcc0-133c-4af8-99cc-f02df98c2b0b', 14, 'MusK23', NULL, 'Lite skaft av ben', 23, NULL, 99, 'USD_ARK_GJENSTAND_O', 1);
INSERT INTO musit_mapping.musitthing (musitthing_uuid, object_id, museumno, subno, term, museumnoasnumber, subnoasnumber, museumid, old_schemaname, new_collection_id) VALUES                ('9b3db5e1-f510-438c-a319-112faf7673c7', 15, 'MusK24', 'a', 'Lendeklede', 24, NULL, 99, 'USD_ARK_GJENSTAND_O', 1);
INSERT INTO musit_mapping.musitthing (musitthing_uuid, object_id, museumno, subno, term, museumnoasnumber, subnoasnumber, museumid, old_schemaname, new_collection_id) VALUES                ('6186c46c-b82f-42ce-82ed-5d408a318623', 16, 'MusK24', 'b', 'Kokekar', 24, NULL, 99, 'USD_ARK_GJENSTAND_O', 1);
INSERT INTO musit_mapping.musitthing (musitthing_uuid, object_id, museumno, subno, term, museumnoasnumber, subnoasnumber, museumid, old_schemaname, new_collection_id) VALUES                ('fa32417b-89ec-4d27-8f4b-27f3a2b03583', 17, 'MusN21', '2', 'Snilebille', 21, 2, 99, 'MUSIT_BOTANIKK_ENTOMOLOGI', 2);
INSERT INTO musit_mapping.musitthing (musitthing_uuid, object_id, museumno, subno, term, museumnoasnumber, subnoasnumber, museumid, old_schemaname, new_collection_id) VALUES                ('ac21e1db-9f78-4df5-adf7-92bc5d5081a3', 18, 'MusN22', NULL, 'Fluesopp', 22, NULL, 99, 'MUSIT_BOTANIKK_SOPP', 5);
INSERT INTO musit_mapping.musitthing (musitthing_uuid, object_id, museumno, subno, term, museumnoasnumber, subnoasnumber, museumid, old_schemaname, new_collection_id) VALUES                ('788136fe-8038-47fc-9c59-9ddb010e0f74', 19, 'MusN20', NULL, 'Ukjent mygg', 20, NULL, 99, 'MUSIT_BOTANIKK_ENTOMOLOGI', 2);
INSERT INTO musit_mapping.musitthing (musitthing_uuid, object_id, museumno, subno, term, museumnoasnumber, subnoasnumber, museumid, old_schemaname, new_collection_id) VALUES                ('fa2303c6-657d-4036-a985-c139381f197a', 20, 'MusK33', NULL, 'Bronsjespenne', 33, NULL, 99, 'USD_ARK_GJENSTAND_O', 1);
INSERT INTO musit_mapping.musitthing (musitthing_uuid, object_id, museumno, subno, term, museumnoasnumber, subnoasnumber, museumid, old_schemaname, new_collection_id) VALUES                ('5cdb4e07-8e18-4652-9501-3142991e0baa', 21, 'MusK34', 'a', 'Kniv', 34, NULL, 99, 'USD_ARK_GJENSTAND_O', 1);
INSERT INTO musit_mapping.musitthing (musitthing_uuid, object_id, museumno, subno, term, museumnoasnumber, subnoasnumber, museumid, old_schemaname, new_collection_id) VALUES                ('f1692d6b-02f0-453b-a0fd-ed50ba6e0cf7', 22, 'MusK34', 'b', 'Spydspiss', 34, NULL, 99, 'USD_ARK_GJENSTAND_O', 1);
INSERT INTO musit_mapping.musitthing (musitthing_uuid, object_id, museumno, subno, term, museumnoasnumber, subnoasnumber, museumid, old_schemaname, new_collection_id) VALUES                ('13c3baa3-d9ca-41b3-9431-ba632edd0796', 23, 'MusN31', '2', 'Vakker blomst', 31, 2, 99, 'MUSIT_BOTANIKK_FELLES', 8);
INSERT INTO musit_mapping.musitthing (musitthing_uuid, object_id, museumno, subno, term, museumnoasnumber, subnoasnumber, museumid, old_schemaname, new_collection_id) VALUES                ('3dc0ab82-fa0f-415f-a558-92432106fa56', 24, 'MusN32', NULL, 'Museskjelett', 32, NULL, 99, 'MUSIT_BOTNAIKK_ENTOMOLOGI', 2);
INSERT INTO musit_mapping.musitthing (musitthing_uuid, object_id, museumno, subno, term, museumnoasnumber, subnoasnumber, museumid, old_schemaname, new_collection_id) VALUES                ('cda411ac-b3eb-4b21-813e-0c9f574ced91', 25, 'MusN30', NULL, 'Merkelig fisk', 30, NULL, 99, 'MUSIT_BOTNAIKK_ENTOMOLOGI', 2);
INSERT INTO musit_mapping.musitthing (musitthing_uuid, object_id, museumno, subno, term, museumnoasnumber, subnoasnumber, museumid, old_schemaname, new_collection_id) VALUES                ('a59bc2c2-7415-4392-8676-610b77467727', 26, 'MusK313', NULL, 'Leirkrukke', 313, NULL, 99, 'USD_ARK_GJENSTAND_O', 1);
INSERT INTO musit_mapping.musitthing (musitthing_uuid, object_id, museumno, subno, term, museumnoasnumber, subnoasnumber, museumid, old_schemaname, new_collection_id) VALUES                ('6bc70085-b3f8-467c-a8ee-c3c3783ac44d', 27, 'MusK314', 'a', 'Flintavslag', 314, NULL, 99, 'USD_ARK_GJENSTAND_O', 1);
INSERT INTO musit_mapping.musitthing (musitthing_uuid, object_id, museumno, subno, term, museumnoasnumber, subnoasnumber, museumid, old_schemaname, new_collection_id) VALUES                ('ba56a4f6-b907-4158-9a67-bca6080320bb', 28, 'MusK314', 'b', 'Runeskrift', 314, NULL, 99, 'USD_ARK_GJENSTAND_O', 1);
INSERT INTO musit_mapping.musitthing (musitthing_uuid, object_id, museumno, subno, term, museumnoasnumber, subnoasnumber, museumid, old_schemaname, new_collection_id) VALUES                ('80bcfc63-3058-4d4b-bcde-e0935d0c0ed8', 29, 'MusN311', '2', 'Steinskrubb', 311, 2, 99, 'USD_ARK_GJENSTAND_O', 1);
INSERT INTO musit_mapping.musitthing (musitthing_uuid, object_id, museumno, subno, term, museumnoasnumber, subnoasnumber, museumid, old_schemaname, new_collection_id) VALUES                ('b7a9456f-0a42-4a5b-ab7f-da30eb92a01e', 30, 'MusN312', NULL, 'Eggeskall av skjelden fugl', 312, NULL, 99, 'MUSIT_BOTANIKK_ENTOMOLOGI', 2);
INSERT INTO musit_mapping.musitthing (musitthing_uuid, object_id, museumno, subno, term, museumnoasnumber, subnoasnumber, museumid, old_schemaname, new_collection_id) VALUES                ('a0174a00-fd0b-4a49-903e-2ea6027a02a3', 31, 'MusN310', NULL, 'Barkebille', 310, NULL, 99, 'MUSIT_BOTANIKK_ENTOMOLOGI', 2);
INSERT INTO musit_mapping.musitthing (musitthing_uuid, object_id, museumno, subno, term, museumnoasnumber, subnoasnumber, museumid, old_schemaname, new_collection_id) VALUES                ('5f39a555-dcb1-40c2-9389-396704ce372f', 32, 'MusK503', NULL, 'Medisintromme', 503, NULL, 99, 'USD_ARK_GJENSTAND_O', 1);
INSERT INTO musit_mapping.musitthing (musitthing_uuid, object_id, museumno, subno, term, museumnoasnumber, subnoasnumber, museumid, old_schemaname, new_collection_id) VALUES                ('6d8bfa00-3be0-4cf7-ad53-0191eeecf07a', 33, 'MusK504', 'a', 'Perle av stein', 504, NULL, 99, 'USD_ARK_GJENSTAND_O', 1);
INSERT INTO musit_mapping.musitthing (musitthing_uuid, object_id, museumno, subno, term, museumnoasnumber, subnoasnumber, museumid, old_schemaname, new_collection_id) VALUES                ('1e4f7120-0696-47c8-a628-9fcbd170ab8c', 34, 'MusK504', 'b', 'Smykkeanheng av rav', 504, NULL, 99, 'USD_ARK_GJENSTAND_O', 1);
INSERT INTO musit_mapping.musitthing (musitthing_uuid, object_id, museumno, subno, term, museumnoasnumber, subnoasnumber, museumid, old_schemaname, new_collection_id) VALUES                ('d24933c0-16ea-4f43-aa47-dd8454663ff4', 35, 'MusN501', '2', 'Sikamygg', 501, 2, 99, 'MUSIT_BOTANIKK_ENTOMOLOGI', 2);
INSERT INTO musit_mapping.musitthing (musitthing_uuid, object_id, museumno, subno, term, museumnoasnumber, subnoasnumber, museumid, old_schemaname, new_collection_id) VALUES                ('3961fb9c-539a-4aee-98d1-e76c35ac33ef', 36, 'MusN502', NULL, 'Markblomst', 502, NULL, 99, 'MUSIT_BOTANIKK_FELLES', 8);
INSERT INTO musit_mapping.musitthing (musitthing_uuid, object_id, museumno, subno, term, museumnoasnumber, subnoasnumber, museumid, old_schemaname, new_collection_id) VALUES                ('801b9124-347c-424e-bfe9-1a28042aae89', 37, 'MusN500', NULL, 'Furukvist', 500, NULL, 99, 'MUSIT_BOTANIKK_FELLES', 8);
INSERT INTO musit_mapping.musitthing (musitthing_uuid, object_id, museumno, subno, term, museumnoasnumber, subnoasnumber, museumid, old_schemaname, new_collection_id) VALUES                ('77416137-83b8-41e8-94a5-0fb29c3ed9fb', 38, 'MusK73', NULL, 'Nikkelmynt', 73, NULL, 99, 'USD_NUMISMATIKK', 3);
INSERT INTO musit_mapping.musitthing (musitthing_uuid, object_id, museumno, subno, term, museumnoasnumber, subnoasnumber, museumid, old_schemaname, new_collection_id) VALUES                ('0f508959-9168-4d84-a903-2947a6a7c93f', 39, 'MusK74', 'a', 'Krukke med hank', 74, NULL, 99, 'USD_ARK_GJENSTAND_O', 1);
INSERT INTO musit_mapping.musitthing (musitthing_uuid, object_id, museumno, subno, term, museumnoasnumber, subnoasnumber, museumid, old_schemaname, new_collection_id) VALUES                ('d2814501-6b09-4a01-b11c-8248d32e969b', 40, 'MusK74', 'b', 'Lokk til krukke', 74, NULL, 99, 'USD_ARK_GJENSTAND_O', 1);
INSERT INTO musit_mapping.musitthing (musitthing_uuid, object_id, museumno, subno, term, museumnoasnumber, subnoasnumber, museumid, old_schemaname, new_collection_id) VALUES                ('31516d76-9af3-49e1-8669-0b4590bfdd58', 41, 'MusK71', NULL, 'Skje av fugleben', 71, NULL, 99, 'USD_ARK_GJENSTAND_O', 1);
INSERT INTO musit_mapping.musitthing (musitthing_uuid, object_id, museumno, subno, term, museumnoasnumber, subnoasnumber, museumid, old_schemaname, new_collection_id) VALUES                ('b5cca71e-4b52-4d28-9c6b-66a5a003425c', 42, 'MusK72', 'a', 'Hellerisning, del 1', 72, NULL, 99, 'USD_ARK_GJENSTAND_O', 1);
INSERT INTO musit_mapping.musitthing (musitthing_uuid, object_id, museumno, subno, term, museumnoasnumber, subnoasnumber, museumid, old_schemaname, new_collection_id) VALUES                ('1b937590-39bf-443f-aa0b-5bf634d8582d', 43, 'MusK72', 'b', 'Hellerisning, del 2', 72, NULL, 99, 'USD_ARK_GJENSTAND_O', 1);
INSERT INTO musit_mapping.musitthing (musitthing_uuid, object_id, museumno, subno, term, museumnoasnumber, subnoasnumber, museumid, old_schemaname, new_collection_id) VALUES                ('43fd3bea-5d28-41ec-84b8-94654ad440db', 44, 'MusN81', '2', 'Fiskeskinn av brosme', 81, 2, 99, 'USD_ARK_GJENSTAND_O', 1);
INSERT INTO musit_mapping.musitthing (musitthing_uuid, object_id, museumno, subno, term, museumnoasnumber, subnoasnumber, museumid, old_schemaname, new_collection_id) VALUES                ('38014e36-69e0-459b-b026-41e345b52ee8', 45, 'MusN81', '3', 'Fiskeskinn av lange', 81, 3, 99, 'USD_ARK_GJENSTAND_O', 1);
INSERT INTO musit_mapping.musitthing (musitthing_uuid, object_id, museumno, subno, term, museumnoasnumber, subnoasnumber, museumid, old_schemaname, new_collection_id) VALUES                ('28dbd427-b8c5-4270-b437-d67264bfe9a8', 46, 'MusN82', NULL, 'Skjelett av flygefisk', 82, NULL, 99, 'USD_ARK_GJENSTAND_O', 1);
INSERT INTO musit_mapping.musitthing (musitthing_uuid, object_id, museumno, subno, term, museumnoasnumber, subnoasnumber, museumid, old_schemaname, new_collection_id) VALUES                ('b200442d-8f25-41ff-8286-cc1f9efe5008', 47, 'MusN80', NULL, 'Smygemaur', 80, NULL, 99, 'MUSIT_BOTANIKK_ENTOMOLOGI', 2);
INSERT INTO musit_mapping.musitthing (musitthing_uuid, object_id, museumno, subno, term, museumnoasnumber, subnoasnumber, museumid, old_schemaname, new_collection_id) VALUES                ('991ebf43-11a7-4502-abe5-b11e1b638ec3', 48, 'MusN83', '2', 'Vaskebille', 83, 2, 99, 'MUSIT_BOTANIKK_ENTOMOLOGI', 2);
INSERT INTO musit_mapping.musitthing (musitthing_uuid, object_id, museumno, subno, term, museumnoasnumber, subnoasnumber, museumid, old_schemaname, new_collection_id) VALUES                ('7970b764-2b56-40fe-bcd2-6feffbffaa96', 49, 'MusN87', NULL, 'Karpatplante', 87, NULL, 99, 'MUSIT_BOTANIKK_FELLES', 8);
INSERT INTO musit_mapping.musitthing (musitthing_uuid, object_id, museumno, subno, term, museumnoasnumber, subnoasnumber, museumid, old_schemaname, new_collection_id) VALUES                ('1dbb1a09-367f-4b64-a029-a2981d7fa6ec', 50, 'MusK105', NULL, 'Pilspiss', 105, NULL, 99, 'USD_ARK_GJENSTAND_O', 1);
INSERT INTO musit_mapping.musitthing (musitthing_uuid, object_id, museumno, subno, term, museumnoasnumber, subnoasnumber, museumid, old_schemaname, new_collection_id) VALUES                ('12080e3e-2ca2-41b1-9d4a-4d72e292dcd8', 51, 'MusN11', NULL, 'Solsikke', 11, NULL, 99, 'MUSIT_BOTANIKK_FELLES', 8);
INSERT INTO musit_mapping.musitthing (musitthing_uuid, object_id, museumno, subno, term, museumnoasnumber, subnoasnumber, museumid, old_schemaname, new_collection_id) VALUES                ('620c7e03-6bf3-4f48-8d2b-c0c6e4bd6c09', 52, 'MusN55', NULL, 'Pungdyrskjelett', 55, NULL, 99, 'MUSIT_BOTANIKK_ENTOMOLOGI', 2);
INSERT INTO musit_mapping.musitthing (musitthing_uuid, object_id, museumno, subno, term, museumnoasnumber, subnoasnumber, museumid, old_schemaname, new_collection_id) VALUES                ('42cfdae4-2fd4-4102-8ad6-d9e504f9fd33', 53, 'MusK113', NULL, 'Fin bendings', 113, NULL, 99, 'USD_ARK_GJENSTAND_O', 1);
INSERT INTO musit_mapping.musitthing (musitthing_uuid, object_id, museumno, subno, term, museumnoasnumber, subnoasnumber, museumid, old_schemaname, new_collection_id) VALUES                ('aba6a67c-f742-4a44-b13e-0415ec1abb2a', 54, 'MusN13', NULL, 'Makrellsopp', 13, NULL, 99, 'MUSIT_BOTANIKK_SOPP', 6);
INSERT INTO musit_mapping.musitthing (musitthing_uuid, object_id, museumno, subno, term, museumnoasnumber, subnoasnumber, museumid, old_schemaname, new_collection_id) VALUES                ('59df0090-aff2-4a82-8968-bfa06c2df861', 55, 'MusK108', NULL, 'Skinnpung', 108, NULL, 99, 'USD_ARK_GJENSTAND_O', 1);

--- INSERTING TREATMENT-LIST

INSERT INTO MUSARK_ANALYSIS.TREATMENT(treatment_id, no_treatment,en_treatment) VALUES(1,'CTAB','CTAB');
INSERT INTO MUSARK_ANALYSIS.TREATMENT(treatment_id, no_treatment,en_treatment) VALUES(2,'DNAdvance Beckman Coulter','Advance Beckman Coulter');
INSERT INTO MUSARK_ANALYSIS.TREATMENT(treatment_id, no_treatment,en_treatment) VALUES(3,'EZNA plant kit','EZNA plant kit');
INSERT INTO MUSARK_ANALYSIS.TREATMENT(treatment_id, no_treatment,en_treatment) VALUES(4,'Hot shot','Hot shot');
INSERT INTO MUSARK_ANALYSIS.TREATMENT(treatment_id, no_treatment,en_treatment) VALUES(5,'Mole robot','Mole robot');
INSERT INTO MUSARK_ANALYSIS.TREATMENT(treatment_id, no_treatment,en_treatment) VALUES(6,'Omega EZNA blood and tissue kit','Omega EZNA blood and tissue kit');
INSERT INTO MUSARK_ANALYSIS.TREATMENT(treatment_id, no_treatment,en_treatment) VALUES(7,'Omega EZNA blood kit',' Omega EZNA blood kit');
INSERT INTO MUSARK_ANALYSIS.TREATMENT(treatment_id, no_treatment,en_treatment) VALUES(8,'Omega EZNA plant kit',' Omega EZNA plant kit');
INSERT INTO MUSARK_ANALYSIS.TREATMENT(treatment_id, no_treatment,en_treatment) VALUES(9,'Omega EZNA tissue kit','Omega EZNA tissue kit');
INSERT INTO MUSARK_ANALYSIS.TREATMENT(treatment_id, no_treatment,en_treatment) VALUES(10,'Phenol-Chloroform','Phenol-Chloroform');
INSERT INTO MUSARK_ANALYSIS.TREATMENT(treatment_id, no_treatment,en_treatment) VALUES(11,'Qiagen blood and tissue kit','Qiagen blood and tissue kit');
INSERT INTO MUSARK_ANALYSIS.TREATMENT(treatment_id, no_treatment,en_treatment) VALUES(12,'Qiagen blood kit','Qiagen blood kit');
INSERT INTO MUSARK_ANALYSIS.TREATMENT(treatment_id, no_treatment,en_treatment) VALUES(13,'Qiagen plant kit','Qiagen plant kit');
INSERT INTO MUSARK_ANALYSIS.TREATMENT(treatment_id, no_treatment,en_treatment) VALUES(14,'Qiagen tissue kit','Qiagen tissue kit');
INSERT INTO MUSARK_ANALYSIS.TREATMENT(treatment_id, no_treatment,en_treatment) VALUES(15,'Quick extract','Quick extract');
INSERT INTO MUSARK_ANALYSIS.TREATMENT(treatment_id, no_treatment,en_treatment) VALUES(16,'WGA (GenomiPhi)','WGA (GenomiPhi)');
INSERT INTO MUSARK_ANALYSIS.TREATMENT(treatment_id, no_treatment,en_treatment) VALUES(17,'Spectrum plant toal RNA kit',' Spectrum plant toal RNA kit');
INSERT INTO MUSARK_ANALYSIS.TREATMENT(treatment_id, no_treatment,en_treatment) VALUES(18,'Drilling','Drilling');
INSERT INTO MUSARK_ANALYSIS.TREATMENT(treatment_id, no_treatment,en_treatment) VALUES(19,'Ekstrahering','Extraction');
INSERT INTO MUSARK_ANALYSIS.TREATMENT(treatment_id, no_treatment,en_treatment) VALUES(20,'Fjernet ved bruk av skalpell','Removed using scalpel');
INSERT INTO MUSARK_ANALYSIS.TREATMENT(treatment_id, no_treatment,en_treatment) VALUES(21,'Løse fragment(er)','Loose fragment(s)');
INSERT INTO MUSARK_ANALYSIS.TREATMENT(treatment_id, no_treatment,en_treatment) VALUES(22,'Skjæring/kutting','Cutting');
INSERT INTO MUSARK_ANALYSIS.TREATMENT(treatment_id, no_treatment,en_treatment) VALUES(23,'Skraping','Scraping');
INSERT INTO MUSARK_ANALYSIS.TREATMENT(treatment_id, no_treatment,en_treatment) VALUES(24,'Saging','Sawing');

--- INSERTING STORAGECONTAINER-LIST

INSERT INTO MUSARK_ANALYSIS.STORAGECONTAINER(storagecontainer_id, no_storagecontainer,en_storagecontainer) VALUES(1, 'Eppendorfrør','Eppendorf tube');
INSERT INTO MUSARK_ANALYSIS.STORAGECONTAINER(storagecontainer_id, no_storagecontainer,en_storagecontainer) VALUES(2, 'Kryorør','Cryo tube');
INSERT INTO MUSARK_ANALYSIS.STORAGECONTAINER(storagecontainer_id, no_storagecontainer,en_storagecontainer) VALUES(3, 'Lynlåspose','Ziplock bag');
INSERT INTO MUSARK_ANALYSIS.STORAGECONTAINER(storagecontainer_id, no_storagecontainer,en_storagecontainer) VALUES(4, 'Lynlåspose, plast (LDPE)','Self-sealing bags, plastic (LDPE)');
INSERT INTO MUSARK_ANALYSIS.STORAGECONTAINER(storagecontainer_id, no_storagecontainer,en_storagecontainer) VALUES(5, 'Mikrofilterplate','Microfilter plate');
INSERT INTO MUSARK_ANALYSIS.STORAGECONTAINER(storagecontainer_id, no_storagecontainer,en_storagecontainer) VALUES(6, 'Mikrosentrifugerør','Microcentrifuge tube');
INSERT INTO MUSARK_ANALYSIS.STORAGECONTAINER(storagecontainer_id, no_storagecontainer,en_storagecontainer) VALUES(7, 'Papirpose','Paper bag');
INSERT INTO MUSARK_ANALYSIS.STORAGECONTAINER(storagecontainer_id, no_storagecontainer,en_storagecontainer) VALUES(8, 'PCR-rør','PCR tube');
INSERT INTO MUSARK_ANALYSIS.STORAGECONTAINER(storagecontainer_id, no_storagecontainer,en_storagecontainer) VALUES(9,'Større plastbeholder m skrulokk','Larger plastic container with screw lid');
INSERT INTO MUSARK_ANALYSIS.STORAGECONTAINER(storagecontainer_id, no_storagecontainer,en_storagecontainer) VALUES(10,'Større glassbeholder m skrulokk','Larger glas container with screw lid');
INSERT INTO MUSARK_ANALYSIS.STORAGECONTAINER(storagecontainer_id, no_storagecontainer,en_storagecontainer) VALUES(11,'Plastrør 0,5 mL','Plastic tube 0.2 ml');
INSERT INTO MUSARK_ANALYSIS.STORAGECONTAINER(storagecontainer_id, no_storagecontainer,en_storagecontainer) VALUES(12,'Plastrør 0,5 mL','Plastic tube 0.5 ml');
INSERT INTO MUSARK_ANALYSIS.STORAGECONTAINER(storagecontainer_id, no_storagecontainer,en_storagecontainer) VALUES(13,'Plastrør 1,5 mL','Plastic tube 1.5 ml');
INSERT INTO MUSARK_ANALYSIS.STORAGECONTAINER(storagecontainer_id, no_storagecontainer,en_storagecontainer) VALUES(14,'Plastrør 2,0 mL','Plastic tube 2.0 ml');
INSERT INTO MUSARK_ANALYSIS.STORAGECONTAINER(storagecontainer_id, no_storagecontainer,en_storagecontainer) VALUES(15,'Plastrør 8,0 mL','Plastic tube 8.0 ml');
INSERT INTO MUSARK_ANALYSIS.STORAGECONTAINER(storagecontainer_id, no_storagecontainer,en_storagecontainer) VALUES(16,'Plastrør 15 mL','Plastic tube 15 ml');
INSERT INTO MUSARK_ANALYSIS.STORAGECONTAINER(storagecontainer_id, no_storagecontainer,en_storagecontainer) VALUES(17,'Plastrør 50 mL','Plastic tube 50 ml');
INSERT INTO MUSARK_ANALYSIS.STORAGECONTAINER(storagecontainer_id, no_storagecontainer,en_storagecontainer) VALUES(18,'Plate 96 brønner','Plate 96 wells');
INSERT INTO MUSARK_ANALYSIS.STORAGECONTAINER(storagecontainer_id, no_storagecontainer,en_storagecontainer) VALUES(19,'Syrefri pappeske','Acid free cardboard box');
INSERT INTO MUSARK_ANALYSIS.STORAGECONTAINER(storagecontainer_id, no_storagecontainer,en_storagecontainer) VALUES(20,'Syrefritt silkepapir','Acid free tissue');
INSERT INTO MUSARK_ANALYSIS.STORAGECONTAINER(storagecontainer_id, no_storagecontainer,en_storagecontainer) VALUES(21,'Pappeske, ikke arkivstandard','Cardboard box, not archival standard');
INSERT INTO MUSARK_ANALYSIS.STORAGECONTAINER(storagecontainer_id, no_storagecontainer,en_storagecontainer) VALUES(22,'Polyetylen skum (Ethafoam/Plastazote)','Polyethylene Foam (Ethafoam/Plastazote)');
INSERT INTO MUSARK_ANALYSIS.STORAGECONTAINER(storagecontainer_id, no_storagecontainer,en_storagecontainer) VALUES(23,'Polystyren eske','Polystyrene box');
INSERT INTO MUSARK_ANALYSIS.STORAGECONTAINER(storagecontainer_id, no_storagecontainer,en_storagecontainer) VALUES(24,'Reagensglass','Locked test tubes');
INSERT INTO MUSARK_ANALYSIS.STORAGECONTAINER(storagecontainer_id, no_storagecontainer,en_storagecontainer) VALUES(25,'Prøvekube','Small locked test tubes');
INSERT INTO MUSARK_ANALYSIS.STORAGECONTAINER(storagecontainer_id, no_storagecontainer,en_storagecontainer) VALUES(26,'PVC-rør','PVC-tube');
INSERT INTO MUSARK_ANALYSIS.STORAGECONTAINER(storagecontainer_id, no_storagecontainer,en_storagecontainer) VALUES(27,'Kasseprøve','Wooden box');
INSERT INTO MUSARK_ANALYSIS.STORAGECONTAINER(storagecontainer_id, no_storagecontainer,en_storagecontainer) VALUES(28,'Plastboks (5 L)','Box (plastic) 5 L');
INSERT INTO MUSARK_ANALYSIS.STORAGECONTAINER(storagecontainer_id, no_storagecontainer,en_storagecontainer) VALUES(29,'Isbiter boks','Ice-cube box');
INSERT INTO MUSARK_ANALYSIS.STORAGECONTAINER(storagecontainer_id, no_storagecontainer,en_storagecontainer) VALUES(30,'Preparateske for slides','Slidebox');